{
    "nodeClass": "Object",

    "children": [{
            "nodeClass": "Object",
            "children": [],
            "name": "Objects",
            "id": "/0/85",

            "source": {
                "uri": "/0/85",
                "NodeClass": "Object",
                "BrowseName": "Objects",
                "DisplayName": "Objects",
                "Description": "The browse entry point when looking for objects in the server address space.",
                "$relation": [{
                        "linkedNode": "/0/61",
                        "relation": "HasTypeDefinition",
                        "forward": true
                    },
                    {
                        "linkedNode": "/0/84",
                        "relation": "Organizes",
                        "forward": false
                    }
                ]
            },
            "open": false
        },
        {
            "nodeClass": "Object",

            "children": [{
                    "nodeClass": "Object",
                    "children": [{
                        "nodeClass": "Data Type",
                        "iconSkin": "pIcon01",
                        "children": [{
                                "nodeClass": "Data Type",
                                "iconSkin": "icon011",
                                "children": [],
                                "name": "Boolean",
                                "id": "/0/1",
                                "source": {
                                    "uri": "/0/1",
                                    "NodeClass": "Data Type",

                                    "BrowseName": "Boolean",
                                    "DisplayName": "Boolean",
                                    "Description": "Describes a value that is either TRUE or FALSE",
                                    "isAbstract": false,
                                    "$relation": [{
                                        "linkedNode": "/0/24",
                                        "relation": "HasSubtype",
                                        "forward": true
                                    }]
                                },
                                "open": false
                            },
                            {
                                "nodeClass": "Data Type",

                                "children": [{
                                    "nodeClass": "Data Type",

                                    "children": [],
                                    "name": "NodeClass",
                                    "id": "/0/257",
                                    "source": {
                                        "uri": "/0/257",
                                        "NodeClass": "Data Type",

                                        "BrowseName": "NodeClass",
                                        "DisplayName": "NodeClass",
                                        "Description": "A mask specifying the class of the node.",
                                        "isAbstract": false,
                                        "EnumValues": [
                                            "Unspecified",
                                            "Object",
                                            "Variable",
                                            "Method",
                                            "ObjectType",
                                            "VariableType",
                                            "ReferenceType",
                                            "DataType",
                                            "View"
                                        ],
                                        "$relation": [{
                                            "linkedNode": "/0/29",
                                            "relation": "HasSubtype",
                                            "forward": true
                                        }]
                                    },
                                    "open": false
                                }],
                                "name": "Enumeration",
                                "iconSkin": "pIcon01",
                                "id": "/0/29",
                                "source": {
                                    "uri": "/0/29",
                                    "NodeClass": "Data Type",

                                    "BrowseName": "Enumeration",
                                    "DisplayName": "Enumeration",
                                    "Description": "Describes a value that is an enumerated DataType.",
                                    "isAbstract": true,
                                    "$relation": [{
                                        "linkedNode": "/0/24",
                                        "relation": "HasSubtype",
                                        "forward": true
                                    }]
                                },
                                "open": false
                            },
                            {
                                "nodeClass": "Data Type",
                                "iconSkin": "icon011",
                                "children": [],
                                "name": "DateTime",
                                "id": "/0/13",
                                "source": {
                                    "uri": "/0/13",
                                    "NodeClass": "Data Type",

                                    "BrowseName": "DateTime",
                                    "DisplayName": "DateTime",
                                    "Description": "Describes a value that is a Gregorian calender date  and time.",
                                    "isAbstract": false,
                                    "$relation": [{
                                        "linkedNode": "/0/24",
                                        "relation": "HasSubtype",
                                        "forward": true
                                    }]
                                },
                                "open": false
                            },
                            {
                                "nodeClass": "Data Type",
                                "children": [],
                                "name": "ByteString",
                                "iconSkin": "icon011",
                                "id": "/0/15",
                                "source": {
                                    "uri": "/0/15",
                                    "NodeClass": "Data Type",
                                    "BrowseName": "ByteString",
                                    "DisplayName": "ByteString",
                                    "Description": "Describes a value that is a sequence of bytes.",
                                    "isAbstract": false,
                                    "$relation": [{
                                        "linkedNode": "/0/24",
                                        "relation": "HasSubtype",
                                        "forward": true
                                    }]
                                },
                                "open": false
                            },
                            {
                                "nodeClass": "Data Type",
                                "iconSkin": "icon011",
                                "children": [],
                                "name": "String",
                                "id": "/0/12",
                                "source": {
                                    "uri": "/0/12",
                                    "NodeClass": "Data Type",
                                    "BrowseName": "String",
                                    "DisplayName": "String",
                                    "Description": "Describes a value that is a sequence of printable Unicode characters .",
                                    "isAbstract": false,
                                    "$relation": [{
                                        "linkedNode": "/0/24",
                                        "relation": "HasSubtype",
                                        "forward": true
                                    }]
                                },
                                "open": false
                            },
                            {
                                "nodeClass": "Data Type",
                                "children": [{
                                        "nodeClass": "Data Type",
                                        "children": [{
                                                "nodeClass": "Data Type",
                                                "children": [],
                                                "name": "Int16",
                                                "id": "/0/4",
                                                "source": {
                                                    "uri": "/0/4",
                                                    "NodeClass": "Data Type",
                                                    "BrowseName": "Int16",
                                                    "DisplayName": "Int16",
                                                    "Description": "Describes a value that is an integer between -32,768 and 32,767.",
                                                    "isAbstract": false,
                                                    "$relation": [{
                                                        "linkedNode": "/0/27",
                                                        "relation": "HasSubtype",
                                                        "forward": true
                                                    }]
                                                },
                                                "open": false
                                            },
                                            {
                                                "nodeClass": "Data Type",
                                                "children": [],
                                                "name": "Int32",
                                                "id": "/0/6",
                                                "source": {
                                                    "uri": "/0/6",
                                                    "NodeClass": "Data Type",
                                                    "BrowseName": "Int32",
                                                    "DisplayName": "Int32",
                                                    "Description": "Describes a value that is an integer between -2,147,483,648 and 2,147,483,647.",
                                                    "isAbstract": false,
                                                    "$relation": [{
                                                        "linkedNode": "/0/27",
                                                        "relation": "HasSubtype",
                                                        "forward": true
                                                    }]
                                                },
                                                "open": false
                                            },
                                            {
                                                "nodeClass": "Data Type",
                                                "children": [],
                                                "name": "Int64",
                                                "id": "/0/8",
                                                "source": {
                                                    "uri": "/0/8",
                                                    "NodeClass": "Data Type",
                                                    "BrowseName": "Int64",
                                                    "DisplayName": "Int64",
                                                    "Description": "Describes a value that is an integer between ?9,223,372,036,854,775,808 and 9,223,372,036,854,775,807.",
                                                    "isAbstract": false,
                                                    "$relation": [{
                                                        "linkedNode": "/0/27",
                                                        "relation": "HasSubtype",
                                                        "forward": true
                                                    }]
                                                },
                                                "open": false
                                            }
                                        ],
                                        "name": "Integer",
                                        "iconSkin": "pIcon01",
                                        "id": "/0/27",
                                        "source": {
                                            "uri": "/0/27",
                                            "NodeClass": "Data Type",
                                            "BrowseName": "Integer",
                                            "DisplayName": "Integer",
                                            "Description": "Describes a value that can have any integer DataType.",
                                            "isAbstract": true,
                                            "$relation": [{
                                                "linkedNode": "/0/26",
                                                "relation": "HasSubtype",
                                                "forward": true
                                            }]
                                        },
                                        "open": false
                                    },
                                    {
                                        "nodeClass": "Data Type",
                                        "iconSkin": "icon011",
                                        "children": [],
                                        "name": "Float",
                                        "id": "/0/10",
                                        "source": {
                                            "uri": "/0/10",
                                            "NodeClass": "Data Type",
                                            "BrowseName": "Float",
                                            "DisplayName": "Float",
                                            "Description": "Describes a value that is an IEEE 754-1985 single precision floating point number.",
                                            "isAbstract": false,
                                            "$relation": [{
                                                "linkedNode": "/0/26",
                                                "relation": "HasSubtype",
                                                "forward": true
                                            }]
                                        },
                                        "open": false
                                    },
                                    {
                                        "nodeClass": "Data Type",
                                        "iconSkin": "icon011",
                                        "children": [],
                                        "name": "Double",
                                        "id": "/0/11",
                                        "source": {
                                            "uri": "/0/11",
                                            "NodeClass": "Data Type",
                                            "BrowseName": "Double",
                                            "DisplayName": "Double",
                                            "Description": "Describes a value that is an IEEE 754-1985 double precision floating point number.",
                                            "isAbstract": false,
                                            "$relation": [{
                                                "linkedNode": "/0/26",
                                                "relation": "HasSubtype",
                                                "forward": true
                                            }]
                                        },
                                        "open": false
                                    },
                                    {
                                        "nodeClass": "Data Type",
                                        "children": [{
                                                "nodeClass": "Data Type",
                                                "iconSkin": "icon011",
                                                "children": [],
                                                "name": "UInt16",
                                                "id": "/0/5",
                                                "source": {
                                                    "uri": "/0/5",
                                                    "NodeClass": "Data Type",
                                                    "BrowseName": "UInt16",
                                                    "DisplayName": "UInt16",
                                                    "Description": "Describes a value that is an integer between 0 and 65535.",
                                                    "isAbstract": false,
                                                    "$relation": [{
                                                        "linkedNode": "/0/28",
                                                        "relation": "HasSubtype",
                                                        "forward": true
                                                    }]
                                                },
                                                "open": false
                                            },
                                            {
                                                "nodeClass": "Data Type",
                                                "iconSkin": "icon011",
                                                "children": [],
                                                "name": "UInt32",
                                                "id": "/0/7",
                                                "source": {
                                                    "uri": "/0/7",
                                                    "NodeClass": "Data Type",
                                                    "BrowseName": "UInt32",
                                                    "DisplayName": "UInt32",
                                                    "Description": "Describes a value that is an integer between 0 and 4,294,967,295.",
                                                    "isAbstract": false,
                                                    "$relation": [{
                                                        "linkedNode": "/0/28",
                                                        "relation": "HasSubtype",
                                                        "forward": true
                                                    }]
                                                },
                                                "open": false
                                            },
                                            {
                                                "nodeClass": "Data Type",
                                                "iconSkin": "icon011",
                                                "children": [],
                                                "name": "UInt64",
                                                "id": "/0/9",
                                                "source": {
                                                    "uri": "/0/9",
                                                    "NodeClass": "Data Type",
                                                    "BrowseName": "UInt64",
                                                    "DisplayName": "UInt64",
                                                    "Description": "Describes a value that is an integer between 0 and 18,446,744,073,709,551,615.",
                                                    "isAbstract": false,
                                                    "$relation": [{
                                                        "linkedNode": "/0/28",
                                                        "relation": "HasSubtype",
                                                        "forward": true
                                                    }]
                                                },
                                                "open": false
                                            }
                                        ],
                                        "name": "UInteger",
                                        "iconSkin": "pIcon01",
                                        "id": "/0/28",
                                        "source": {
                                            "uri": "/0/28",
                                            "NodeClass": "Data Type",
                                            "BrowseName": "UInteger",
                                            "DisplayName": "UInteger",
                                            "Description": "Describes a value that can have any unsigned integer DataType.",
                                            "isAbstract": true,
                                            "$relation": [{
                                                "linkedNode": "/0/26",
                                                "relation": "HasSubtype",
                                                "forward": true
                                            }]
                                        },
                                        "open": false
                                    }
                                ],
                                "name": "Number",
                                "iconSkin": "pIcon01",
                                "id": "/0/26",
                                "source": {
                                    "uri": "/0/26",
                                    "NodeClass": "Data Type",
                                    "BrowseName": "Number",
                                    "DisplayName": "Number",
                                    "Description": "Describes a value that can have any numeric.",
                                    "isAbstract": true,
                                    "$relation": [{
                                        "linkedNode": "/0/24",
                                        "relation": "HasSubtype",
                                        "forward": true
                                    }]
                                },
                                "open": false
                            }
                        ],
                        "name": "BaseDataType",

                        "id": "/0/24",
                        "source": {
                            "uri": "/0/24",
                            "NodeClass": "Data Type",
                            "BrowseName": "BaseDataType",
                            "DisplayName": "BaseDataType",
                            "Description": "Describes a value that can have any valid DataType.",
                            "isAbstract": true,
                            "$relation": [{
                                "linkedNode": "/0/90",
                                "relation": "Organizes",
                                "forward": false
                            }]
                        },
                        "open": false
                    }],
                    "name": "DataTypes",
                    "id": "/0/90",
                    "source": {
                        "uri": "/0/90",
                        "NodeClass": "Object",
                        "BrowseName": "DataTypes",
                        "DisplayName": "DataTypes",
                        "Description": "The browse entry point when looking for data types in the server address space.",
                        "$relation": [{
                                "linkedNode": "/0/86",
                                "relation": "Organizes",
                                "forward": false
                            },
                            {
                                "linkedNode": "/0/61",
                                "relation": "HasTypeDefinition",
                                "forward": true
                            }
                        ]
                    },
                    "open": false
                },
                {
                    "nodeClass": "Object",
                    "children": [{
                        "nodeClass": "Object Type",
                        "children": [{
                            "nodeClass": "Object Type",
                            "children": [],
                            "name": "FolderType",
                            "iconSkin": "icon021",
                            "id": "/0/61",
                            "source": {
                                "uri": "/0/61",
                                "NodeClass": "Object Type",
                                "BrowseName": "FolderType",
                                "DisplayName": "FolderType",
                                "Description": "The type for objects that organize other nodes.",
                                "isAbstract": false,
                                "$relation": [{
                                    "linkedNode": "/0/84",
                                    "relation": "HasTypeDefinition",
                                    "forward": false
                                }]
                            },
                            "open": false
                        }],
                        "name": "BaseObjectType",
                        "iconSkin": "pIcon02",
                        "id": "/0/58",
                        "source": {
                            "uri": "/0/58",
                            "NodeClass": "Object Type",
                            "BrowseName": "BaseObjectType",
                            "DisplayName": "BaseObjectType",
                            "Description": "The base type for all object nodes.",
                            "isAbstract": false,
                            "$relation": [{
                                    "linkedNode": "/0/88",
                                    "relation": "Organizes",
                                    "forward": false
                                },
                                {
                                    "linkedNode": "/0/61",
                                    "relation": "HasSubtype",
                                    "forward": false
                                }
                            ]
                        },
                        "open": false
                    }],
                    "name": "ObjectTypes",

                    "id": "/0/88",
                    "source": {
                        "uri": "/0/88",
                        "NodeClass": "Object",
                        "BrowseName": "ObjectTypes",
                        "DisplayName": "ObjectTypes",
                        "Description": "The browse entry point when looking for object types in the server address space.",
                        "$relation": [{
                                "linkedNode": "/0/61",
                                "relation": "HasTypeDefinition",
                                "forward": true
                            },
                            {
                                "linkedNode": "/0/86",
                                "relation": "Organizes",
                                "forward": false
                            }
                        ]
                    },
                    "open": false
                },
                {
                    "nodeClass": "Object",
                    "children": [{
                        "nodeClass": "Reference Type",
                        "children": [{
                                "nodeClass": "Reference Type",
                                "children": [{
                                        "nodeClass": "Reference Type",
                                        "children": [{
                                                "nodeClass": "Reference Type",
                                                "children": [{
                                                        "nodeClass": "Reference Type",
                                                        "children": [],
                                                        "name": "HasComponent",
                                                        "iconSkin": "icon041",
                                                        "id": "/0/47",
                                                        "source": {
                                                            "uri": "/0/47",
                                                            "NodeClass": "Reference Type",
                                                            "BrowseName": "HasComponent",
                                                            "DisplayName": "HasComponent",
                                                            "Description": "The type for non-looping hierarchical reference from a node to its component.",
                                                            "isAbstract": false,
                                                            "Symmetric": false,
                                                            "InverseName": "ComponentOf",
                                                            "$relation": [{
                                                                "linkedNode": "/0/44",
                                                                "relation": "HasSubtype",
                                                                "forward": true
                                                            }]
                                                        },
                                                        "open": false
                                                    },
                                                    {
                                                        "nodeClass": "Reference Type",
                                                        "children": [],
                                                        "name": "HasProperty",
                                                        "iconSkin": "icon041",
                                                        "id": "/0/46",
                                                        "source": {
                                                            "uri": "/0/46",
                                                            "NodeClass": "Reference Type",
                                                            "BrowseName": "HasProperty",
                                                            "DisplayName": "HasProperty",
                                                            "Description": "The type for non-looping hierarchical reference from a node to its property.",
                                                            "isAbstract": false,
                                                            "Symmetric": false,
                                                            "InverseName": "PropertyOf",
                                                            "$relation": [{
                                                                "linkedNode": "/0/44",
                                                                "relation": "HasSubtype",
                                                                "forward": true
                                                            }]
                                                        },
                                                        "open": false
                                                    }
                                                ],
                                                "name": "Aggregates",
                                                "iconSkin": "pIcon04",
                                                "id": "/0/44",
                                                "source": {
                                                    "uri": "/0/44",
                                                    "NodeClass": "Reference Type",
                                                    "BrowseName": "Aggregates",
                                                    "DisplayName": "Aggregates",
                                                    "Description": "The type for non-looping hierarchical references that are used to aggregate nodes into complex types.",
                                                    "isAbstract": false,
                                                    "Symmetric": false,
                                                    "InverseName": "AggregatedBy",
                                                    "$relation": [{
                                                        "linkedNode": "/0/34",
                                                        "relation": "HasSubtype",
                                                        "forward": true
                                                    }]
                                                },
                                                "open": false
                                            },
                                            {
                                                "nodeClass": "Reference Type",
                                                "children": [],
                                                "name": "HasSubtype",

                                                "iconSkin": "icon041",
                                                "id": "/0/45",
                                                "source": {
                                                    "uri": "/0/45",
                                                    "NodeClass": "Reference Type",
                                                    "BrowseName": "HasSubtype",
                                                    "DisplayName": "HasSubtype",
                                                    "Description": "The type for non-looping hierarchical references that are used to define sub types.",
                                                    "isAbstract": false,
                                                    "Symmetric": false,
                                                    "InverseName": "SubtypeOf",
                                                    "$relation": [{
                                                        "linkedNode": "/0/34",
                                                        "relation": "HasSubtype",
                                                        "forward": true
                                                    }]
                                                },
                                                "open": false
                                            }
                                        ],
                                        "name": "HasChild",
                                        "iconSkin": "pIcon04",
                                        "id": "/0/34",
                                        "source": {
                                            "uri": "/0/34",
                                            "NodeClass": "Reference Type",
                                            "BrowseName": "HasChild",
                                            "DisplayName": "HasChild",
                                            "Description": "The abstract base type for all non-looping hierarchical references.",
                                            "isAbstract": false,
                                            "Symmetric": false,
                                            "InverseName": "ChildOf",
                                            "$relation": [{
                                                "linkedNode": "/0/33",
                                                "relation": "HasSubtype",
                                                "forward": true
                                            }]
                                        },
                                        "open": false
                                    },
                                    {
                                        "nodeClass": "Reference Type",
                                        "children": [],
                                        "name": "Organizes",
                                        "iconSkin": "icon041",
                                        "id": "/0/35",
                                        "source": {
                                            "uri": "/0/35",
                                            "NodeClass": "Reference Type",
                                            "BrowseName": "Organizes",
                                            "DisplayName": "Organizes",
                                            "Description": "The type for hierarchical references that are used to organize nodes.",
                                            "isAbstract": false,
                                            "Symmetric": false,
                                            "InverseName": "OrganizedBy",
                                            "$relation": [{
                                                "linkedNode": "/0/33",
                                                "relation": "HasSubtype",
                                                "forward": true
                                            }]
                                        },
                                        "open": false
                                    }
                                ],
                                "name": "HierarchicalReferences",
                                "iconSkin": "pIcon04",
                                "id": "/0/33",
                                "source": {
                                    "uri": "/0/33",
                                    "NodeClass": "Reference Type",
                                    "BrowseName": "HierarchicalReferences",
                                    "DisplayName": "HierarchicalReferences",
                                    "Description": "The abstract base type for all hierarchical references.",
                                    "isAbstract": true,
                                    "Symmetric": false,
                                    "InverseName": "HierarchicalReferences",
                                    "$relation": [{
                                        "linkedNode": "/0/31",
                                        "relation": "HasSubtype",
                                        "forward": true
                                    }]
                                },
                                "open": false
                            },
                            {
                                "nodeClass": "Reference Type",
                                "children": [{
                                    "nodeClass": "Reference Type",
                                    "children": [],
                                    "name": "HasTypeDefinition",
                                    "id": "/0/40",
                                    "source": {
                                        "uri": "/0/40",
                                        "NodeClass": "Reference Type",
                                        "BrowseName": "HasTypeDefinition",
                                        "DisplayName": "HasTypeDefinition",
                                        "Description": "The type for references from a instance node its type defintion node.",
                                        "isAbstract": false,
                                        "Symmetric": false,
                                        "InverseName": "TypeDefinitionOf",
                                        "$relation": [{
                                            "linkedNode": "/0/32",
                                            "relation": "HasSubtype",
                                            "forward": true
                                        }]
                                    },
                                    "open": false
                                }],
                                "name": "NonHierarchicalReferences",
                                "iconSkin": "pIcon04",
                                "id": "/0/32",
                                "source": {
                                    "uri": "/0/32",
                                    "NodeClass": "Reference Type",
                                    "BrowseName": "NonHierarchicalReferences",
                                    "DisplayName": "NonHierarchicalReferences",
                                    "Description": "The abstract base type for all non-hierarchical references.",
                                    "isAbstract": true,
                                    "Symmetric": false,
                                    "InverseName": "NonHierarchicalReferences",
                                    "$relation": [{
                                        "linkedNode": "/0/31",
                                        "relation": "HasSubtype",
                                        "forward": true
                                    }]
                                },
                                "open": false
                            }
                        ],
                        "name": "References",
                        "iconSkin": "pIcon04",
                        "id": "/0/31",
                        "source": {
                            "uri": "/0/31",
                            "NodeClass": "Reference Type",
                            "BrowseName": "References",
                            "DisplayName": "References",
                            "Description": "The abstract base type for all references.",
                            "isAbstract": true,
                            "Symmetric": true,
                            "InverseName": "",
                            "$relation": [{
                                "linkedNode": "/0/91",
                                "relation": "Organizes",
                                "forward": false
                            }]
                        },
                        "open": false
                    }],
                    "name": "ReferenceTypes",
                    "id": "/0/91",
                    "source": {
                        "uri": "/0/91",
                        "NodeClass": "Object",
                        "BrowseName": "ReferenceTypes",
                        "DisplayName": "ReferenceTypes",
                        "Description": "The browse entry point when looking for reference types in the server address space.",
                        "$relation": [{
                                "linkedNode": "/0/86",
                                "relation": "Organizes",
                                "forward": false
                            },
                            {
                                "linkedNode": "/0/61",
                                "relation": "HasTypeDefinition",
                                "forward": true
                            }
                        ]
                    },
                    "open": false
                },
                {
                    "nodeClass": "Object",
                    "children": [{
                        "nodeClass": "Variable Type",
                        "children": [{
                                "nodeClass": "Variable Type",
                                "children": [{
                                        "nodeClass": "Variable Type",
                                        "children": [{
                                                "nodeClass": "Variable",
                                                "children": [],
                                                "name": "address",
                                                "iconSkin": "icon051",
                                                "id": "/3/6001",
                                                "source": {
                                                    "uri": "/3/6001",
                                                    "NodeClass": "Variable",
                                                    "BrowseName": "3:address",
                                                    "DisplayName": "address",
                                                    "Description": "address",
                                                    "DataType": "/0/12",
                                                    "Value": "",
                                                    "IsHistorizing": false,
                                                    "$relation": [{
                                                            "linkedNode": "/3/2002",
                                                            "relation": "HasProperty",
                                                            "forward": false
                                                        },
                                                        {
                                                            "linkedNode": "/0/68",
                                                            "relation": "HasTypeDefinition",
                                                            "forward": true
                                                        }
                                                    ]
                                                },
                                                "open": false
                                            },
                                            {
                                                "nodeClass": "Variable",
                                                "children": [],
                                                "name": "defaultValue",
                                                "iconSkin": "icon051",
                                                "id": "/3/6002",
                                                "source": {
                                                    "uri": "/3/6002",
                                                    "NodeClass": "Variable",
                                                    "BrowseName": "3:defaultValue",
                                                    "DisplayName": "defaultValue",
                                                    "Description": "defaultValue",
                                                    "DataType": "/0/12",
                                                    "Value": "",
                                                    "IsHistorizing": false,
                                                    "$relation": [{
                                                            "linkedNode": "/3/2002",
                                                            "relation": "HasProperty",
                                                            "forward": false
                                                        },
                                                        {
                                                            "linkedNode": "/0/68",
                                                            "relation": "HasTypeDefinition",
                                                            "forward": true
                                                        }
                                                    ]
                                                },
                                                "open": false
                                            }
                                        ],
                                        "name": "AI",
                                        "iconSkin": "pIcon05",
                                        "id": "/3/2002",
                                        "source": {
                                            "uri": "/3/2002",
                                            "NodeClass": "Variable Type",
                                            "BrowseName": "3:AI",
                                            "DisplayName": "AI",
                                            "Description": "AI",
                                            "isAbstract": false,
                                            "DataType": "/0/24",
                                            "Value": "",
                                            "$relation": [{
                                                "linkedNode": "/0/63",
                                                "relation": "HasSubtype",
                                                "forward": true
                                            }]
                                        },
                                        "open": false
                                    },
                                    {
                                        "nodeClass": "Variable Type",
                                        "children": [{
                                                "nodeClass": "Variable",
                                                "children": [],
                                                "name": "address",
                                                "iconSkin": "icon051",
                                                "id": "/3/6003",
                                                "source": {
                                                    "uri": "/3/6003",
                                                    "NodeClass": "Variable",
                                                    "BrowseName": "3:address",
                                                    "DisplayName": "address",
                                                    "Description": "address",
                                                    "DataType": "/0/12",
                                                    "Value": "",
                                                    "IsHistorizing": false,
                                                    "$relation": [{
                                                            "linkedNode": "/3/2003",
                                                            "relation": "HasProperty",
                                                            "forward": false
                                                        },
                                                        {
                                                            "linkedNode": "/0/68",
                                                            "relation": "HasTypeDefinition",
                                                            "forward": true
                                                        }
                                                    ]
                                                },
                                                "open": false
                                            },
                                            {
                                                "nodeClass": "Variable",
                                                "children": [],
                                                "name": "defaultValue",
                                                "iconSkin": "icon051",
                                                "id": "/3/6004",
                                                "source": {
                                                    "uri": "/3/6004",
                                                    "NodeClass": "Variable",
                                                    "BrowseName": "3:defaultValue",
                                                    "DisplayName": "defaultValue",
                                                    "Description": "defaultValue",
                                                    "DataType": "/0/12",
                                                    "Value": "",
                                                    "IsHistorizing": false,
                                                    "$relation": [{
                                                            "linkedNode": "/3/2003",
                                                            "relation": "HasProperty",
                                                            "forward": false
                                                        },
                                                        {
                                                            "linkedNode": "/0/68",
                                                            "relation": "HasTypeDefinition",
                                                            "forward": true
                                                        }
                                                    ]
                                                },
                                                "open": false
                                            }
                                        ],
                                        "name": "AIO",
                                        "iconSkin": "pIcon05",
                                        "id": "/3/2003",
                                        "source": {
                                            "uri": "/3/2003",
                                            "NodeClass": "Variable Type",
                                            "BrowseName": "3:AIO",
                                            "DisplayName": "AIO",
                                            "Description": "AIO",
                                            "isAbstract": false,
                                            "DataType": "/0/24",
                                            "Value": "",
                                            "$relation": [{
                                                "linkedNode": "/0/63",
                                                "relation": "HasSubtype",
                                                "forward": true
                                            }]
                                        },
                                        "open": false
                                    },
                                    {
                                        "nodeClass": "Variable Type",
                                        "children": [{
                                                "nodeClass": "Variable",
                                                "children": [],
                                                "name": "address",
                                                "iconSkin": "icon051",
                                                "id": "/3/6005",
                                                "source": {
                                                    "uri": "/3/6005",
                                                    "NodeClass": "Variable",
                                                    "BrowseName": "3:address",
                                                    "DisplayName": "address",
                                                    "Description": "address",
                                                    "DataType": "/0/12",
                                                    "Value": "",
                                                    "IsHistorizing": false,
                                                    "$relation": [{
                                                            "linkedNode": "/3/2004",
                                                            "relation": "HasProperty",
                                                            "forward": false
                                                        },
                                                        {
                                                            "linkedNode": "/0/68",
                                                            "relation": "HasTypeDefinition",
                                                            "forward": true
                                                        }
                                                    ]
                                                },
                                                "open": false
                                            },
                                            {
                                                "nodeClass": "Variable",
                                                "children": [],
                                                "name": "defaultValue",
                                                "iconSkin": "icon051",
                                                "id": "/3/6006",
                                                "source": {
                                                    "uri": "/3/6006",
                                                    "NodeClass": "Variable",
                                                    "BrowseName": "3:defaultValue",
                                                    "DisplayName": "defaultValue",
                                                    "Description": "defaultValue",
                                                    "DataType": "/0/12",
                                                    "Value": "",
                                                    "IsHistorizing": false,
                                                    "$relation": [{
                                                            "linkedNode": "/3/2004",
                                                            "relation": "HasProperty",
                                                            "forward": false
                                                        },
                                                        {
                                                            "linkedNode": "/0/68",
                                                            "relation": "HasTypeDefinition",
                                                            "forward": true
                                                        }
                                                    ]
                                                },
                                                "open": false
                                            }
                                        ],
                                        "name": "AO",
                                        "iconSkin": "pIcon05",
                                        "id": "/3/2004",
                                        "source": {
                                            "uri": "/3/2004",
                                            "NodeClass": "Variable Type",
                                            "BrowseName": "3:AO",
                                            "DisplayName": "AO",
                                            "Description": "AO",
                                            "isAbstract": false,
                                            "DataType": "/0/24",
                                            "Value": "",
                                            "$relation": [{
                                                "linkedNode": "/0/63",
                                                "relation": "HasSubtype",
                                                "forward": true
                                            }]
                                        },
                                        "open": false
                                    },
                                    {
                                        "nodeClass": "Variable Type",
                                        "children": [{
                                                "nodeClass": "Variable",
                                                "children": [],
                                                "name": "address",
                                                "iconSkin": "icon051",
                                                "id": "/3/6007",
                                                "source": {
                                                    "uri": "/3/6007",
                                                    "NodeClass": "Variable",
                                                    "BrowseName": "3:address",
                                                    "DisplayName": "address",
                                                    "Description": "address",
                                                    "DataType": "/0/12",
                                                    "Value": "",
                                                    "IsHistorizing": false,
                                                    "$relation": [{
                                                            "linkedNode": "/3/2005",
                                                            "relation": "HasProperty",
                                                            "forward": false
                                                        },
                                                        {
                                                            "linkedNode": "/0/68",
                                                            "relation": "HasTypeDefinition",
                                                            "forward": true
                                                        }
                                                    ]
                                                },
                                                "open": false
                                            },
                                            {
                                                "nodeClass": "Variable",
                                                "children": [],
                                                "name": "defaultValue",
                                                "iconSkin": "icon051",
                                                "id": "/3/6008",
                                                "source": {
                                                    "uri": "/3/6008",
                                                    "NodeClass": "Variable",
                                                    "BrowseName": "3:defaultValue",
                                                    "DisplayName": "defaultValue",
                                                    "Description": "defaultValue",
                                                    "DataType": "/0/12",
                                                    "Value": "",
                                                    "IsHistorizing": false,
                                                    "$relation": [{
                                                            "linkedNode": "/3/2005",
                                                            "relation": "HasProperty",
                                                            "forward": false
                                                        },
                                                        {
                                                            "linkedNode": "/0/68",
                                                            "relation": "HasTypeDefinition",
                                                            "forward": true
                                                        }
                                                    ]
                                                },
                                                "open": false
                                            }
                                        ],
                                        "name": "DI",
                                        "iconSkin": "pIcon05",
                                        "id": "/3/2005",
                                        "source": {
                                            "uri": "/3/2005",
                                            "NodeClass": "Variable Type",
                                            "BrowseName": "3:DI",
                                            "DisplayName": "DI",
                                            "Description": "DI",
                                            "isAbstract": false,
                                            "DataType": "/0/24",
                                            "Value": "",
                                            "$relation": [{
                                                "linkedNode": "/0/63",
                                                "relation": "HasSubtype",
                                                "forward": true
                                            }]
                                        },
                                        "open": false
                                    },
                                    {
                                        "nodeClass": "Variable Type",
                                        "children": [{
                                                "nodeClass": "Variable",
                                                "children": [],
                                                "name": "address",
                                                "iconSkin": "icon051",
                                                "id": "/3/6009",
                                                "source": {
                                                    "uri": "/3/6009",
                                                    "NodeClass": "Variable",
                                                    "BrowseName": "3:address",
                                                    "DisplayName": "address",
                                                    "Description": "address",
                                                    "DataType": "/0/12",
                                                    "Value": "",
                                                    "IsHistorizing": false,
                                                    "$relation": [{
                                                            "linkedNode": "/3/2006",
                                                            "relation": "HasProperty",
                                                            "forward": false
                                                        },
                                                        {
                                                            "linkedNode": "/0/68",
                                                            "relation": "HasTypeDefinition",
                                                            "forward": true
                                                        }
                                                    ]
                                                },
                                                "open": false
                                            },
                                            {
                                                "nodeClass": "Variable",
                                                "children": [],
                                                "name": "defaultValue",
                                                "iconSkin": "icon051",
                                                "id": "/3/6010",
                                                "source": {
                                                    "uri": "/3/6010",
                                                    "NodeClass": "Variable",
                                                    "BrowseName": "3:defaultValue",
                                                    "DisplayName": "defaultValue",
                                                    "Description": "defaultValue",
                                                    "DataType": "/0/12",
                                                    "Value": "",
                                                    "IsHistorizing": false,
                                                    "$relation": [{
                                                            "linkedNode": "/3/2006",
                                                            "relation": "HasProperty",
                                                            "forward": false
                                                        },
                                                        {
                                                            "linkedNode": "/0/68",
                                                            "relation": "HasTypeDefinition",
                                                            "forward": true
                                                        }
                                                    ]
                                                },
                                                "open": false
                                            }
                                        ],
                                        "name": "DIO",
                                        "iconSkin": "pIcon05",
                                        "id": "/3/2006",
                                        "source": {
                                            "uri": "/3/2006",
                                            "NodeClass": "Variable Type",
                                            "BrowseName": "3:DIO",
                                            "DisplayName": "DIO",
                                            "Description": "DIO",
                                            "isAbstract": false,
                                            "DataType": "/0/24",
                                            "Value": "",
                                            "$relation": [{
                                                "linkedNode": "/0/63",
                                                "relation": "HasSubtype",
                                                "forward": true
                                            }]
                                        },
                                        "open": false
                                    },
                                    {
                                        "nodeClass": "Variable Type",
                                        "children": [{
                                                "nodeClass": "Variable",
                                                "children": [],
                                                "name": "address",
                                                "iconSkin": "icon051",
                                                "id": "/3/6011",
                                                "source": {
                                                    "uri": "/3/6011",
                                                    "NodeClass": "Variable",
                                                    "BrowseName": "3:address",
                                                    "DisplayName": "address",
                                                    "Description": "address",
                                                    "DataType": "/0/12",
                                                    "Value": "",
                                                    "IsHistorizing": false,
                                                    "$relation": [{
                                                            "linkedNode": "/3/2007",
                                                            "relation": "HasProperty",
                                                            "forward": false
                                                        },
                                                        {
                                                            "linkedNode": "/0/68",
                                                            "relation": "HasTypeDefinition",
                                                            "forward": true
                                                        }
                                                    ]
                                                },
                                                "open": false
                                            },
                                            {
                                                "nodeClass": "Variable",
                                                "children": [],
                                                "name": "defaultValue",
                                                "iconSkin": "icon051",
                                                "id": "/3/6012",
                                                "source": {
                                                    "uri": "/3/6012",
                                                    "NodeClass": "Variable",
                                                    "BrowseName": "3:defaultValue",
                                                    "DisplayName": "defaultValue",
                                                    "Description": "defaultValue",
                                                    "DataType": "/0/12",
                                                    "Value": "",
                                                    "IsHistorizing": false,
                                                    "$relation": [{
                                                            "linkedNode": "/3/2007",
                                                            "relation": "HasProperty",
                                                            "forward": false
                                                        },
                                                        {
                                                            "linkedNode": "/0/68",
                                                            "relation": "HasTypeDefinition",
                                                            "forward": true
                                                        }
                                                    ]
                                                },
                                                "open": false
                                            }
                                        ],
                                        "name": "DO",
                                        "iconSkin": "pIcon05",
                                        "id": "/3/2007",
                                        "source": {
                                            "uri": "/3/2007",
                                            "NodeClass": "Variable Type",
                                            "BrowseName": "3:DO",
                                            "DisplayName": "DO",
                                            "Description": "DO",
                                            "isAbstract": false,
                                            "DataType": "/0/24",
                                            "Value": "",
                                            "$relation": [{
                                                "linkedNode": "/0/63",
                                                "relation": "HasSubtype",
                                                "forward": true
                                            }]
                                        },
                                        "open": false
                                    }
                                ],
                                "name": "BaseDataVariableType",
                                "iconSkin": "pIcon05",
                                "id": "/0/63",
                                "source": {
                                    "uri": "/0/63",
                                    "NodeClass": "Variable Type",
                                    "BrowseName": "BaseDataVariableType",
                                    "DisplayName": "BaseDataVariableType",
                                    "Description": "The type for variable that represents a process value.",
                                    "isAbstract": false,
                                    "DataType": "/0/24",
                                    "Value": "",
                                    "$relation": [{
                                        "linkedNode": "/0/62",
                                        "relation": "HasSubtype",
                                        "forward": true
                                    }]
                                },
                                "open": false
                            },
                            {
                                "nodeClass": "Variable Type",
                                "children": [],
                                "name": "PropertyType",
                                "iconSkin": "icon051",
                                "id": "/0/68",
                                "source": {
                                    "uri": "/0/68",
                                    "NodeClass": "Variable Type",
                                    "BrowseName": "PropertyType",
                                    "DisplayName": "PropertyType",
                                    "Description": "The type for variable that represents a property of another node.",
                                    "isAbstract": false,
                                    "DataType": "/0/24",
                                    "Value": "",
                                    "$relation": [{
                                        "linkedNode": "/0/62",
                                        "relation": "HasSubtype",
                                        "forward": true
                                    }]
                                },
                                "open": false
                            }
                        ],
                        "name": "BaseVariableType",
                        "iconSkin": "pIcon05",
                        "id": "/0/62",
                        "source": {
                            "uri": "/0/62",
                            "NodeClass": "Variable Type",
                            "BrowseName": "BaseVariableType",
                            "DisplayName": "BaseVariableType",
                            "Description": "The abstract base type for all variable nodes.",
                            "isAbstract": true,
                            "DataType": "/0/24",
                            "Value": "",
                            "$relation": [{
                                "linkedNode": "/0/89",
                                "relation": "Organizes",
                                "forward": false
                            }]
                        },
                        "open": false
                    }],
                    "name": "VariableTypes",
                    "id": "/0/89",
                    "source": {
                        "uri": "/0/89",
                        "NodeClass": "Object",
                        "BrowseName": "VariableTypes",
                        "DisplayName": "VariableTypes",
                        "Description": "The browse entry point when looking for variable types in the server address space.",
                        "$relation": [{
                                "linkedNode": "/0/86",
                                "relation": "Organizes",
                                "forward": false
                            },
                            {
                                "linkedNode": "/0/61",
                                "relation": "HasTypeDefinition",
                                "forward": true
                            }
                        ]
                    },
                    "open": false
                }
            ],
            "name": "Types",
            "id": "/0/86",
            "source": {
                "uri": "/0/86",
                "NodeClass": "Object",
                "BrowseName": "Types",
                "DisplayName": "Types",
                "Description": "The browse entry point when looking for types in the server address space.",
                "$relation": [{
                        "linkedNode": "/0/61",
                        "relation": "HasTypeDefinition",
                        "forward": true
                    },
                    {
                        "linkedNode": "/0/84",
                        "relation": "Organizes",
                        "forward": false
                    }
                ]
            },
            "open": false
        }
    ],
    "name": "Root",
    "id": "/0/84",
    "source": {
        "uri": "/0/84",
        "NodeClass": "Object",
        "BrowseName": "Root",
        "DisplayName": "Root",
        "Description": "The root of the server address space."
    },
    "open": false
}