{
  "kind": "Deployment",
  "apiVersion": "extensions/v1beta1",
  "metadata": {
    "name": "test015",
    "namespace": "hollysys-project01",
    "selfLink": "/apis/extensions/v1beta1/namespaces/hollysys-project01/deployments/test015",
    "uid": "66aaf13a-3d35-11e8-bdcf-005056a00b7f",
    "resourceVersion": "2019525",
    "generation": 3,
    "creationTimestamp": "2018-04-11T03:06:59Z",
    "labels": {
      "app": "test015"
    },
    "annotations": {
      "deployment.kubernetes.io/revision": "1"
    }
  },
  "spec": {
    "replicas": 1,
    "selector": {
      "matchLabels": {
        "app": "test015"
      }
    },
    "template": {
      "metadata": {
        "creationTimestamp": null,
        "labels": {
          "app": "test015"
        }
      },
      "spec": {
        "volumes": [
          {
            "name": "test",
            "persistentVolumeClaim": {
              "claimName": "test"
            }
          }
        ],
        "containers": [
          {
            "name": "test015",
            "image": "registry.cn-beijing.aliyuncs.com/hiacloud/dfdf",
            "ports": [
              {
                "containerPort": 12221,
                "protocol": "TCP"
              },
              {
                "containerPort": 12222,
                "protocol": "TCP"
              },
              {
                "containerPort": 12223,
                "protocol": "TCP"
              }
            ],
            "env": [
              {
                "name": "evn",
                "value": "dfdf"
              },
              {
                "name": "test",
                "value": "erer"
              }
            ],
            "resources": {
              "limits": {
                "cpu": "100m",
                "memory": "100M"
              },
              "requests": {
                "cpu": "100m",
                "memory": "10M"
              }
            },
            "volumeMounts": [
              {
                "name": "test",
                "mountPath": "/opt"
              }
            ],
            "terminationMessagePath": "/dev/termination-log",
            "terminationMessagePolicy": "File",
            "imagePullPolicy": "Always"
          }
        ],
        "restartPolicy": "Always",
        "terminationGracePeriodSeconds": 30,
        "dnsPolicy": "ClusterFirst",
        "securityContext": {},
        "imagePullSecrets": [
          {
            "name": "registrykey-ali"
          }
        ],
        "schedulerName": "default-scheduler"
      }
    },
    "strategy": {
      "type": "RollingUpdate",
      "rollingUpdate": {
        "maxUnavailable": "25%",
        "maxSurge": "25%"
      }
    },
    "revisionHistoryLimit": 10,
    "progressDeadlineSeconds": 600
  },
  "status": {
    "observedGeneration": 3,
    "replicas": 1,
    "updatedReplicas": 1,
    "unavailableReplicas": 1,
    "conditions": [
      {
        "type": "Available",
        "status": "False",
        "lastUpdateTime": "2018-04-11T03:07:00Z",
        "lastTransitionTime": "2018-04-11T03:07:00Z",
        "reason": "MinimumReplicasUnavailable",
        "message": "Deployment does not have minimum availability."
      },
      {
        "type": "Progressing",
        "status": "False",
        "lastUpdateTime": "2018-04-11T03:17:01Z",
        "lastTransitionTime": "2018-04-11T03:17:01Z",
        "reason": "ProgressDeadlineExceeded",
        "message": "ReplicaSet \"test015-59bf488866\" has timed out progressing."
      }
    ]
  }
}
