{
    "kind": "EventList",
    "apiVersion": "v1",
    "metadata": {
      "selfLink": "/api/v1/events",
      "resourceVersion": "2157743"
    },
    "items": [
      {
        "metadata": {
          "name": "mysql-broker.152470e0fff84cab",
          "namespace": "default",
          "selfLink": "/api/v1/namespaces/default/events/mysql-broker.152470e0fff84cab",
          "uid": "642741c2-3dab-11e8-bdcf-005056a00b7f",
          "resourceVersion": "2156821",
          "creationTimestamp": "2018-04-11T17:11:36Z"
        },
        "involvedObject": {
          "kind": "ClusterServiceBroker",
          "name": "mysql-broker",
          "uid": "b746e69c-3bef-11e8-9bf8-0a58ac100377",
          "apiVersion": "servicecatalog.k8s.io",
          "resourceVersion": "10819"
        },
        "reason": "FetchedCatalog",
        "message": "Successfully fetched catalog entries from broker.",
        "source": {
          "component": "service-catalog-controller-manager"
        },
        "firstTimestamp": "2018-04-11T17:11:25Z",
        "lastTimestamp": "2018-04-12T01:01:26Z",
        "count": 28,
        "type": "Normal"
      },
      {
        "metadata": {
          "name": "rabbitmq-broker.1524709b2ec3b005",
          "namespace": "default",
          "selfLink": "/api/v1/namespaces/default/events/rabbitmq-broker.1524709b2ec3b005",
          "uid": "b16b76ba-3daa-11e8-bdcf-005056a00b7f",
          "resourceVersion": "2155705",
          "creationTimestamp": "2018-04-11T17:06:36Z"
        },
        "involvedObject": {
          "kind": "ClusterServiceBroker",
          "name": "rabbitmq-broker",
          "uid": "f43bf999-3bef-11e8-9bf8-0a58ac100377",
          "apiVersion": "servicecatalog.k8s.io",
          "resourceVersion": "10816"
        },
        "reason": "FetchedCatalog",
        "message": "Successfully fetched catalog entries from broker.",
        "source": {
          "component": "service-catalog-controller-manager"
        },
        "firstTimestamp": "2018-04-11T17:06:25Z",
        "lastTimestamp": "2018-04-12T00:51:26Z",
        "count": 28,
        "type": "Normal"
      },
      {
        "metadata": {
          "name": "test1-nginx-test-756d4688f5-246hj.15248a776aff18fd",
          "namespace": "default",
          "selfLink": "/api/v1/namespaces/default/events/test1-nginx-test-756d4688f5-246hj.15248a776aff18fd",
          "uid": "ded12fd0-3dec-11e8-bdcf-005056a00b7f",
          "resourceVersion": "2156683",
          "creationTimestamp": "2018-04-12T01:00:19Z"
        },
        "involvedObject": {
          "kind": "Pod",
          "namespace": "default",
          "name": "test1-nginx-test-756d4688f5-246hj",
          "uid": "decefcf8-3dec-11e8-bdcf-005056a00b7f",
          "apiVersion": "v1",
          "resourceVersion": "2156668"
        },
        "reason": "FailedScheduling",
        "message": "No nodes are available that match all of the predicates: MatchNodeSelector (5), PodToleratesNodeTaints (1).",
        "source": {
          "component": "default-scheduler"
        },
        "firstTimestamp": "2018-04-12T01:00:19Z",
        "lastTimestamp": "2018-04-12T01:00:19Z",
        "count": 2,
        "type": "Warning"
      },
      {
        "metadata": {
          "name": "test1-nginx-test-756d4688f5-246hj.15248a776c463bf3",
          "namespace": "default",
          "selfLink": "/api/v1/namespaces/default/events/test1-nginx-test-756d4688f5-246hj.15248a776c463bf3",
          "uid": "ded5bb95-3dec-11e8-bdcf-005056a00b7f",
          "resourceVersion": "2156684",
          "creationTimestamp": "2018-04-12T01:00:19Z"
        },
        "involvedObject": {
          "kind": "Pod",
          "namespace": "default",
          "name": "test1-nginx-test-756d4688f5-246hj",
          "uid": "decefcf8-3dec-11e8-bdcf-005056a00b7f",
          "apiVersion": "v1",
          "resourceVersion": "2156678"
        },
        "reason": "FailedScheduling",
        "message": "skip schedule deleting pod: default/test1-nginx-test-756d4688f5-246hj",
        "source": {
          "component": "default-scheduler"
        },
        "firstTimestamp": "2018-04-12T01:00:19Z",
        "lastTimestamp": "2018-04-12T01:00:19Z",
        "count": 1,
        "type": "Warning"
      },
      {
        "metadata": {
          "name": "test1-nginx-test-756d4688f5.15248a776afc5219",
          "namespace": "default",
          "selfLink": "/api/v1/namespaces/default/events/test1-nginx-test-756d4688f5.15248a776afc5219",
          "uid": "ded30b5c-3dec-11e8-bdcf-005056a00b7f",
          "resourceVersion": "2156679",
          "creationTimestamp": "2018-04-12T01:00:19Z"
        },
        "involvedObject": {
          "kind": "ReplicaSet",
          "namespace": "default",
          "name": "test1-nginx-test-756d4688f5",
          "uid": "c2ca5e22-3d72-11e8-bdcf-005056a00b7f",
          "apiVersion": "extensions",
          "resourceVersion": "2065139"
        },
        "reason": "SuccessfulCreate",
        "message": "Created pod: test1-nginx-test-756d4688f5-246hj",
        "source": {
          "component": "replicaset-controller"
        },
        "firstTimestamp": "2018-04-12T01:00:19Z",
        "lastTimestamp": "2018-04-12T01:00:19Z",
        "count": 1,
        "type": "Normal"
      },
      {
        "metadata": {
          "name": "ts-broker.1524700ff2f89262",
          "namespace": "default",
          "selfLink": "/api/v1/namespaces/default/events/ts-broker.1524700ff2f89262",
          "uid": "4cfa8a40-3da9-11e8-bdcf-005056a00b7f",
          "resourceVersion": "2157383",
          "creationTimestamp": "2018-04-11T16:56:38Z"
        },
        "involvedObject": {
          "kind": "ClusterServiceBroker",
          "name": "ts-broker",
          "uid": "ca9af07c-2730-11e8-8ee4-0a58ac100531",
          "apiVersion": "servicecatalog.k8s.io",
          "resourceVersion": "10820"
        },
        "reason": "FetchedCatalog",
        "message": "Successfully fetched catalog entries from broker.",
        "source": {
          "component": "service-catalog-controller-manager"
        },
        "firstTimestamp": "2018-04-11T16:56:27Z",
        "lastTimestamp": "2018-04-12T01:06:26Z",
        "count": 99,
        "type": "Normal"
      },
      {
        "metadata": {
          "name": "test01.152197f71ed895de",
          "namespace": "google-test1",
          "selfLink": "/api/v1/namespaces/google-test1/events/test01.152197f71ed895de",
          "uid": "58ef77d6-3661-11e8-bdcf-005056a00b7f",
          "resourceVersion": "2157622",
          "creationTimestamp": "2018-04-02T10:33:56Z"
        },
        "involvedObject": {
          "kind": "PersistentVolumeClaim",
          "namespace": "google-test1",
          "name": "test01",
          "uid": "58ee239c-3661-11e8-bdcf-005056a00b7f",
          "apiVersion": "v1",
          "resourceVersion": "726166"
        },
        "reason": "ProvisioningFailed",
        "message": "storageclass.storage.k8s.io \"gluster-heketi-google\" not found",
        "source": {
          "component": "persistentvolume-controller"
        },
        "firstTimestamp": "2018-04-02T10:33:56Z",
        "lastTimestamp": "2018-04-12T01:08:59Z",
        "count": 55385,
        "type": "Warning"
      },
      {
        "metadata": {
          "name": "test2.152197f9a955abdb",
          "namespace": "google-test1",
          "selfLink": "/api/v1/namespaces/google-test1/events/test2.152197f9a955abdb",
          "uid": "5f70e209-3661-11e8-bdcf-005056a00b7f",
          "resourceVersion": "2157652",
          "creationTimestamp": "2018-04-02T10:34:07Z"
        },
        "involvedObject": {
          "kind": "PersistentVolumeClaim",
          "namespace": "google-test1",
          "name": "test2",
          "uid": "5f6f7793-3661-11e8-bdcf-005056a00b7f",
          "apiVersion": "v1",
          "resourceVersion": "726189"
        },
        "reason": "ProvisioningFailed",
        "message": "storageclass.storage.k8s.io \"gluster-heketi-google\" not found",
        "source": {
          "component": "persistentvolume-controller"
        },
        "firstTimestamp": "2018-04-02T10:34:07Z",
        "lastTimestamp": "2018-04-12T01:09:14Z",
        "count": 55385,
        "type": "Warning"
      },
      {
        "metadata": {
          "name": "eurake-579b7b84c4-6ft2w.15248ab3fbb88133",
          "namespace": "hollysys-project01",
          "selfLink": "/api/v1/namespaces/hollysys-project01/events/eurake-579b7b84c4-6ft2w.15248ab3fbb88133",
          "uid": "806e766a-3ded-11e8-bdcf-005056a00b7f",
          "resourceVersion": "2157168",
          "creationTimestamp": "2018-04-12T01:04:50Z"
        },
        "involvedObject": {
          "kind": "Pod",
          "namespace": "hollysys-project01",
          "name": "eurake-579b7b84c4-6ft2w",
          "uid": "8054406b-3ded-11e8-bdcf-005056a00b7f",
          "apiVersion": "v1",
          "resourceVersion": "2157161"
        },
        "reason": "SuccessfulMountVolume",
        "message": "MountVolume.SetUp succeeded for volume \"default-token-qr7f4\" ",
        "source": {
          "component": "kubelet",
          "host": "node-5"
        },
        "firstTimestamp": "2018-04-12T01:04:39Z",
        "lastTimestamp": "2018-04-12T01:04:39Z",
        "count": 1,
        "type": "Normal"
      },
      {
        "metadata": {
          "name": "eurake-579b7b84c4-6ft2w.15248ab41df0e54a",
          "namespace": "hollysys-project01",
          "selfLink": "/api/v1/namespaces/hollysys-project01/events/eurake-579b7b84c4-6ft2w.15248ab41df0e54a",
          "uid": "80c62fb7-3ded-11e8-bdcf-005056a00b7f",
          "resourceVersion": "2157268",
          "creationTimestamp": "2018-04-12T01:04:51Z"
        },
        "involvedObject": {
          "kind": "Pod",
          "namespace": "hollysys-project01",
          "name": "eurake-579b7b84c4-6ft2w",
          "uid": "8054406b-3ded-11e8-bdcf-005056a00b7f",
          "apiVersion": "v1",
          "resourceVersion": "2157161",
          "fieldPath": "spec.containers{eurake}"
        },
        "reason": "Pulling",
        "message": "pulling image \"192.168.66.151/192.168.66.151/hiacloud/hiacloud-io-eureka:dev-v1.0.0-beta\"",
        "source": {
          "component": "kubelet",
          "host": "node-5"
        },
        "firstTimestamp": "2018-04-12T01:04:40Z",
        "lastTimestamp": "2018-04-12T01:05:24Z",
        "count": 3,
        "type": "Normal"
      },
      {
        "metadata": {
          "name": "eurake-579b7b84c4-6ft2w.15248ab41e227207",
          "namespace": "hollysys-project01",
          "selfLink": "/api/v1/namespaces/hollysys-project01/events/eurake-579b7b84c4-6ft2w.15248ab41e227207",
          "uid": "80c7dfe1-3ded-11e8-bdcf-005056a00b7f",
          "resourceVersion": "2157270",
          "creationTimestamp": "2018-04-12T01:04:51Z"
        },
        "involvedObject": {
          "kind": "Pod",
          "namespace": "hollysys-project01",
          "name": "eurake-579b7b84c4-6ft2w",
          "uid": "8054406b-3ded-11e8-bdcf-005056a00b7f",
          "apiVersion": "v1",
          "resourceVersion": "2157161",
          "fieldPath": "spec.containers{eurake}"
        },
        "reason": "Failed",
        "message": "Failed to pull image \"192.168.66.151/192.168.66.151/hiacloud/hiacloud-io-eureka:dev-v1.0.0-beta\": rpc error: code = Unknown desc = Error response from daemon: Get https://192.168.66.151/v2/: dial tcp 192.168.66.151:443: getsockopt: connection refused",
        "source": {
          "component": "kubelet",
          "host": "node-5"
        },
        "firstTimestamp": "2018-04-12T01:04:40Z",
        "lastTimestamp": "2018-04-12T01:05:24Z",
        "count": 3,
        "type": "Warning"
      },
      {
        "metadata": {
          "name": "eurake-579b7b84c4-6ft2w.15248ab41e2398fd",
          "namespace": "hollysys-project01",
          "selfLink": "/api/v1/namespaces/hollysys-project01/events/eurake-579b7b84c4-6ft2w.15248ab41e2398fd",
          "uid": "80c974bb-3ded-11e8-bdcf-005056a00b7f",
          "resourceVersion": "2157732",
          "creationTimestamp": "2018-04-12T01:04:51Z"
        },
        "involvedObject": {
          "kind": "Pod",
          "namespace": "hollysys-project01",
          "name": "eurake-579b7b84c4-6ft2w",
          "uid": "8054406b-3ded-11e8-bdcf-005056a00b7f",
          "apiVersion": "v1",
          "resourceVersion": "2157161"
        },
        "reason": "FailedSync",
        "message": "Error syncing pod",
        "source": {
          "component": "kubelet",
          "host": "node-5"
        },
        "firstTimestamp": "2018-04-12T01:04:40Z",
        "lastTimestamp": "2018-04-12T01:09:50Z",
        "count": 27,
        "type": "Warning"
      },
      {
        "metadata": {
          "name": "eurake-579b7b84c4-6ft2w.15248ab46a90c270",
          "namespace": "hollysys-project01",
          "selfLink": "/api/v1/namespaces/hollysys-project01/events/eurake-579b7b84c4-6ft2w.15248ab46a90c270",
          "uid": "818abae2-3ded-11e8-bdcf-005056a00b7f",
          "resourceVersion": "2157180",
          "creationTimestamp": "2018-04-12T01:04:52Z"
        },
        "involvedObject": {
          "kind": "Pod",
          "namespace": "hollysys-project01",
          "name": "eurake-579b7b84c4-6ft2w",
          "uid": "8054406b-3ded-11e8-bdcf-005056a00b7f",
          "apiVersion": "v1",
          "resourceVersion": "2157161"
        },
        "reason": "SandboxChanged",
        "message": "Pod sandbox changed, it will be killed and re-created.",
        "source": {
          "component": "kubelet",
          "host": "node-5"
        },
        "firstTimestamp": "2018-04-12T01:04:41Z",
        "lastTimestamp": "2018-04-12T01:04:41Z",
        "count": 1,
        "type": "Normal"
      },
      {
        "metadata": {
          "name": "eurake-579b7b84c4-6ft2w.15248ab492f7417b",
          "namespace": "hollysys-project01",
          "selfLink": "/api/v1/namespaces/hollysys-project01/events/eurake-579b7b84c4-6ft2w.15248ab492f7417b",
          "uid": "81f46cc9-3ded-11e8-bdcf-005056a00b7f",
          "resourceVersion": "2157334",
          "creationTimestamp": "2018-04-12T01:04:53Z"
        },
        "involvedObject": {
          "kind": "Pod",
          "namespace": "hollysys-project01",
          "name": "eurake-579b7b84c4-6ft2w",
          "uid": "8054406b-3ded-11e8-bdcf-005056a00b7f",
          "apiVersion": "v1",
          "resourceVersion": "2157161",
          "fieldPath": "spec.containers{eurake}"
        },
        "reason": "BackOff",
        "message": "Back-off pulling image \"192.168.66.151/192.168.66.151/hiacloud/hiacloud-io-eureka:dev-v1.0.0-beta\"",
        "source": {
          "component": "kubelet",
          "host": "node-5"
        },
        "firstTimestamp": "2018-04-12T01:04:42Z",
        "lastTimestamp": "2018-04-12T01:05:59Z",
        "count": 7,
        "type": "Normal"
      },
      {
        "metadata": {
          "name": "eurake-579b7b84c4-6ft2w.15248ab68364e35e",
          "namespace": "hollysys-project01",
          "selfLink": "/api/v1/namespaces/hollysys-project01/events/eurake-579b7b84c4-6ft2w.15248ab68364e35e",
          "uid": "8056df22-3ded-11e8-bdcf-005056a00b7f",
          "resourceVersion": "2157165",
          "creationTimestamp": "2018-04-12T01:04:50Z"
        },
        "involvedObject": {
          "kind": "Pod",
          "namespace": "hollysys-project01",
          "name": "eurake-579b7b84c4-6ft2w",
          "uid": "8054406b-3ded-11e8-bdcf-005056a00b7f",
          "apiVersion": "v1",
          "resourceVersion": "2157160"
        },
        "reason": "Scheduled",
        "message": "Successfully assigned eurake-579b7b84c4-6ft2w to node-5",
        "source": {
          "component": "default-scheduler"
        },
        "firstTimestamp": "2018-04-12T01:04:50Z",
        "lastTimestamp": "2018-04-12T01:04:50Z",
        "count": 1,
        "type": "Normal"
      },
      {
        "metadata": {
          "name": "eurake-579b7b84c4.15248ab682b5af8e",
          "namespace": "hollysys-project01",
          "selfLink": "/api/v1/namespaces/hollysys-project01/events/eurake-579b7b84c4.15248ab682b5af8e",
          "uid": "805554fd-3ded-11e8-bdcf-005056a00b7f",
          "resourceVersion": "2157163",
          "creationTimestamp": "2018-04-12T01:04:50Z"
        },
        "involvedObject": {
          "kind": "ReplicaSet",
          "namespace": "hollysys-project01",
          "name": "eurake-579b7b84c4",
          "uid": "80512359-3ded-11e8-bdcf-005056a00b7f",
          "apiVersion": "extensions",
          "resourceVersion": "2157155"
        },
        "reason": "SuccessfulCreate",
        "message": "Created pod: eurake-579b7b84c4-6ft2w",
        "source": {
          "component": "replicaset-controller"
        },
        "firstTimestamp": "2018-04-12T01:04:50Z",
        "lastTimestamp": "2018-04-12T01:04:50Z",
        "count": 1,
        "type": "Normal"
      },
      {
        "metadata": {
          "name": "eurake.15248ab681831cb4",
          "namespace": "hollysys-project01",
          "selfLink": "/api/v1/namespaces/hollysys-project01/events/eurake.15248ab681831cb4",
          "uid": "80522729-3ded-11e8-bdcf-005056a00b7f",
          "resourceVersion": "2157157",
          "creationTimestamp": "2018-04-12T01:04:50Z"
        },
        "involvedObject": {
          "kind": "Deployment",
          "namespace": "hollysys-project01",
          "name": "eurake",
          "uid": "804fafd2-3ded-11e8-bdcf-005056a00b7f",
          "apiVersion": "extensions",
          "resourceVersion": "2157154"
        },
        "reason": "ScalingReplicaSet",
        "message": "Scaled up replica set eurake-579b7b84c4 to 1",
        "source": {
          "component": "deployment-controller"
        },
        "firstTimestamp": "2018-04-12T01:04:50Z",
        "lastTimestamp": "2018-04-12T01:04:50Z",
        "count": 1,
        "type": "Normal"
      },
      {
        "metadata": {
          "name": "test001-594984f56d-cgq2t.1524114544cf6f04",
          "namespace": "hollysys-project01",
          "selfLink": "/api/v1/namespaces/hollysys-project01/events/test001-594984f56d-cgq2t.1524114544cf6f04",
          "uid": "b5acad3c-3cb6-11e8-bdcf-005056a00b7f",
          "resourceVersion": "2156099",
          "creationTimestamp": "2018-04-10T12:00:06Z"
        },
        "involvedObject": {
          "kind": "Pod",
          "namespace": "hollysys-project01",
          "name": "test001-594984f56d-cgq2t",
          "uid": "b4ccb7a5-3cb6-11e8-bdcf-005056a00b7f",
          "apiVersion": "v1",
          "resourceVersion": "1923667"
        },
        "reason": "FailedSync",
        "message": "Error syncing pod",
        "source": {
          "component": "kubelet",
          "host": "master-3"
        },
        "firstTimestamp": "2018-04-10T11:59:23Z",
        "lastTimestamp": "2018-04-12T00:54:33Z",
        "count": 9955,
        "type": "Warning"
      },
      {
        "metadata": {
          "name": "test001-594984f56d-cgq2t.152411457a8bffd5",
          "namespace": "hollysys-project01",
          "selfLink": "/api/v1/namespaces/hollysys-project01/events/test001-594984f56d-cgq2t.152411457a8bffd5",
          "uid": "105cb09b-3d8b-11e8-bdcf-005056a00b7f",
          "resourceVersion": "2155563",
          "creationTimestamp": "2018-04-11T13:20:11Z"
        },
        "involvedObject": {
          "kind": "Pod",
          "namespace": "hollysys-project01",
          "name": "test001-594984f56d-cgq2t",
          "uid": "b4ccb7a5-3cb6-11e8-bdcf-005056a00b7f",
          "apiVersion": "v1",
          "resourceVersion": "1923667",
          "fieldPath": "spec.containers{test001}"
        },
        "reason": "BackOff",
        "message": "Back-off pulling image \"registry.cn-beijing.aliyuncs.com/hiacloud/dfdf\"",
        "source": {
          "component": "kubelet",
          "host": "master-3"
        },
        "firstTimestamp": "2018-04-10T11:59:24Z",
        "lastTimestamp": "2018-04-12T00:49:24Z",
        "count": 9497,
        "type": "Normal"
      },
      {
        "metadata": {
          "name": "test008-589467b66-2vspx.15241149842a8f0c",
          "namespace": "hollysys-project01",
          "selfLink": "/api/v1/namespaces/hollysys-project01/events/test008-589467b66-2vspx.15241149842a8f0c",
          "uid": "c09108b7-3cb6-11e8-bdcf-005056a00b7f",
          "resourceVersion": "2157257",
          "creationTimestamp": "2018-04-10T12:00:24Z"
        },
        "involvedObject": {
          "kind": "Pod",
          "namespace": "hollysys-project01",
          "name": "test008-589467b66-2vspx",
          "uid": "bfc3f645-3cb6-11e8-bdcf-005056a00b7f",
          "apiVersion": "v1",
          "resourceVersion": "1923728"
        },
        "reason": "FailedSync",
        "message": "Error syncing pod",
        "source": {
          "component": "kubelet",
          "host": "master-2"
        },
        "firstTimestamp": "2018-04-10T11:59:41Z",
        "lastTimestamp": "2018-04-12T01:04:42Z",
        "count": 10022,
        "type": "Warning"
      },
      {
        "metadata": {
          "name": "test008-589467b66-2vspx.15241149e2368148",
          "namespace": "hollysys-project01",
          "selfLink": "/api/v1/namespaces/hollysys-project01/events/test008-589467b66-2vspx.15241149e2368148",
          "uid": "fbf1f174-3dc9-11e8-bdcf-005056a00b7f",
          "resourceVersion": "2156127",
          "creationTimestamp": "2018-04-11T20:50:35Z"
        },
        "involvedObject": {
          "kind": "Pod",
          "namespace": "hollysys-project01",
          "name": "test008-589467b66-2vspx",
          "uid": "bfc3f645-3cb6-11e8-bdcf-005056a00b7f",
          "apiVersion": "v1",
          "resourceVersion": "1923728",
          "fieldPath": "spec.containers{test008}"
        },
        "reason": "BackOff",
        "message": "Back-off pulling image \"registry.cn-beijing.aliyuncs.com/hiacloud/dfdf\"",
        "source": {
          "component": "kubelet",
          "host": "master-2"
        },
        "firstTimestamp": "2018-04-10T11:59:42Z",
        "lastTimestamp": "2018-04-12T00:54:49Z",
        "count": 9542,
        "type": "Normal"
      },
      {
        "metadata": {
          "name": "test009-694df8bdc9-h4554.15248a776b8e8a45",
          "namespace": "hollysys-project01",
          "selfLink": "/api/v1/namespaces/hollysys-project01/events/test009-694df8bdc9-h4554.15248a776b8e8a45",
          "uid": "ded2fd84-3dec-11e8-bdcf-005056a00b7f",
          "resourceVersion": "2156680",
          "creationTimestamp": "2018-04-12T01:00:19Z"
        },
        "involvedObject": {
          "kind": "Pod",
          "namespace": "hollysys-project01",
          "name": "test009-694df8bdc9-h4554",
          "uid": "dece4d9f-3dec-11e8-bdcf-005056a00b7f",
          "apiVersion": "v1",
          "resourceVersion": "2156667"
        },
        "reason": "Scheduled",
        "message": "Successfully assigned test009-694df8bdc9-h4554 to node-5",
        "source": {
          "component": "default-scheduler"
        },
        "firstTimestamp": "2018-04-12T01:00:19Z",
        "lastTimestamp": "2018-04-12T01:00:19Z",
        "count": 1,
        "type": "Normal"
      },
      {
        "metadata": {
          "name": "test009-694df8bdc9-h4554.15248a917ef1db33",
          "namespace": "hollysys-project01",
          "selfLink": "/api/v1/namespaces/hollysys-project01/events/test009-694df8bdc9-h4554.15248a917ef1db33",
          "uid": "282651c0-3ded-11e8-bdcf-005056a00b7f",
          "resourceVersion": "2156899",
          "creationTimestamp": "2018-04-12T01:02:22Z"
        },
        "involvedObject": {
          "kind": "Pod",
          "namespace": "hollysys-project01",
          "name": "test009-694df8bdc9-h4554",
          "uid": "dece4d9f-3dec-11e8-bdcf-005056a00b7f",
          "apiVersion": "v1",
          "resourceVersion": "2156673"
        },
        "reason": "FailedMount",
        "message": "Unable to mount volumes for pod \"test009-694df8bdc9-h4554_hollysys-project01(dece4d9f-3dec-11e8-bdcf-005056a00b7f)\": timeout expired waiting for volumes to attach/mount for pod \"hollysys-project01\"/\"test009-694df8bdc9-h4554\". list of unattached/unmounted volumes=[test default-token-qr7f4]",
        "source": {
          "component": "kubelet",
          "host": "node-5"
        },
        "firstTimestamp": "2018-04-12T01:02:11Z",
        "lastTimestamp": "2018-04-12T01:02:11Z",
        "count": 1,
        "type": "Warning"
      },
      {
        "metadata": {
          "name": "test009-694df8bdc9-h4554.15248a917ef38ee8",
          "namespace": "hollysys-project01",
          "selfLink": "/api/v1/namespaces/hollysys-project01/events/test009-694df8bdc9-h4554.15248a917ef38ee8",
          "uid": "2824c909-3ded-11e8-bdcf-005056a00b7f",
          "resourceVersion": "2156898",
          "creationTimestamp": "2018-04-12T01:02:22Z"
        },
        "involvedObject": {
          "kind": "Pod",
          "namespace": "hollysys-project01",
          "name": "test009-694df8bdc9-h4554",
          "uid": "dece4d9f-3dec-11e8-bdcf-005056a00b7f",
          "apiVersion": "v1",
          "resourceVersion": "2156673"
        },
        "reason": "FailedSync",
        "message": "Error syncing pod",
        "source": {
          "component": "kubelet",
          "host": "node-5"
        },
        "firstTimestamp": "2018-04-12T01:02:11Z",
        "lastTimestamp": "2018-04-12T01:02:11Z",
        "count": 1,
        "type": "Warning"
      },
      {
        "metadata": {
          "name": "test009-694df8bdc9.15248a776ab69245",
          "namespace": "hollysys-project01",
          "selfLink": "/api/v1/namespaces/hollysys-project01/events/test009-694df8bdc9.15248a776ab69245",
          "uid": "ded06b88-3dec-11e8-bdcf-005056a00b7f",
          "resourceVersion": "2156675",
          "creationTimestamp": "2018-04-12T01:00:19Z"
        },
        "involvedObject": {
          "kind": "ReplicaSet",
          "namespace": "hollysys-project01",
          "name": "test009-694df8bdc9",
          "uid": "60e99e19-3d5d-11e8-bdcf-005056a00b7f",
          "apiVersion": "extensions",
          "resourceVersion": "2048882"
        },
        "reason": "SuccessfulCreate",
        "message": "Created pod: test009-694df8bdc9-h4554",
        "source": {
          "component": "replicaset-controller"
        },
        "firstTimestamp": "2018-04-12T01:00:19Z",
        "lastTimestamp": "2018-04-12T01:00:19Z",
        "count": 1,
        "type": "Normal"
      },
      {
        "metadata": {
          "name": "test012-58886f86d8-kdmbb.152441149a399480",
          "namespace": "hollysys-project01",
          "selfLink": "/api/v1/namespaces/hollysys-project01/events/test012-58886f86d8-kdmbb.152441149a399480",
          "uid": "1b99d1bd-3d31-11e8-bdcf-005056a00b7f",
          "resourceVersion": "2156200",
          "creationTimestamp": "2018-04-11T02:36:16Z"
        },
        "involvedObject": {
          "kind": "Pod",
          "namespace": "hollysys-project01",
          "name": "test012-58886f86d8-kdmbb",
          "uid": "1abc360b-3d31-11e8-bdcf-005056a00b7f",
          "apiVersion": "v1",
          "resourceVersion": "2014753"
        },
        "reason": "FailedSync",
        "message": "Error syncing pod",
        "source": {
          "component": "kubelet",
          "host": "master-2"
        },
        "firstTimestamp": "2018-04-11T02:35:30Z",
        "lastTimestamp": "2018-04-12T00:55:33Z",
        "count": 6012,
        "type": "Warning"
      },
      {
        "metadata": {
          "name": "test012-58886f86d8-kdmbb.15244114c0aab48a",
          "namespace": "hollysys-project01",
          "selfLink": "/api/v1/namespaces/hollysys-project01/events/test012-58886f86d8-kdmbb.15244114c0aab48a",
          "uid": "07617fff-3d87-11e8-bdcf-005056a00b7f",
          "resourceVersion": "2153588",
          "creationTimestamp": "2018-04-11T12:51:18Z"
        },
        "involvedObject": {
          "kind": "Pod",
          "namespace": "hollysys-project01",
          "name": "test012-58886f86d8-kdmbb",
          "uid": "1abc360b-3d31-11e8-bdcf-005056a00b7f",
          "apiVersion": "v1",
          "resourceVersion": "2014753",
          "fieldPath": "spec.containers{test012}"
        },
        "reason": "BackOff",
        "message": "Back-off pulling image \"registry.cn-beijing.aliyuncs.com/hiacloud/dfdf\"",
        "source": {
          "component": "kubelet",
          "host": "master-2"
        },
        "firstTimestamp": "2018-04-11T02:35:31Z",
        "lastTimestamp": "2018-04-12T00:30:31Z",
        "count": 5638,
        "type": "Normal"
      },
      {
        "metadata": {
          "name": "test013-6dff4bf5cd-wcwbw.1524412ff8e2cd37",
          "namespace": "hollysys-project01",
          "selfLink": "/api/v1/namespaces/hollysys-project01/events/test013-6dff4bf5cd-wcwbw.1524412ff8e2cd37",
          "uid": "ea9d72ae-3de6-11e8-bdcf-005056a00b7f",
          "resourceVersion": "2153230",
          "creationTimestamp": "2018-04-12T00:17:42Z"
        },
        "involvedObject": {
          "kind": "Pod",
          "namespace": "hollysys-project01",
          "name": "test013-6dff4bf5cd-wcwbw",
          "uid": "4c15b3fe-3d31-11e8-bdcf-005056a00b7f",
          "apiVersion": "v1",
          "resourceVersion": "2014975",
          "fieldPath": "spec.containers{test013}"
        },
        "reason": "Pulling",
        "message": "pulling image \"registry.cn-beijing.aliyuncs.com/hiacloud/dfdf\"",
        "source": {
          "component": "kubelet",
          "host": "node-5"
        },
        "firstTimestamp": "2018-04-11T02:37:28Z",
        "lastTimestamp": "2018-04-12T00:27:38Z",
        "count": 260,
        "type": "Normal"
      },
      {
        "metadata": {
          "name": "test013-6dff4bf5cd-wcwbw.152441300bb690e8",
          "namespace": "hollysys-project01",
          "selfLink": "/api/v1/namespaces/hollysys-project01/events/test013-6dff4bf5cd-wcwbw.152441300bb690e8",
          "uid": "4cf5e152-3d31-11e8-bdcf-005056a00b7f",
          "resourceVersion": "2155820",
          "creationTimestamp": "2018-04-11T02:37:38Z"
        },
        "involvedObject": {
          "kind": "Pod",
          "namespace": "hollysys-project01",
          "name": "test013-6dff4bf5cd-wcwbw",
          "uid": "4c15b3fe-3d31-11e8-bdcf-005056a00b7f",
          "apiVersion": "v1",
          "resourceVersion": "2014975"
        },
        "reason": "FailedSync",
        "message": "Error syncing pod",
        "source": {
          "component": "kubelet",
          "host": "node-5"
        },
        "firstTimestamp": "2018-04-11T02:37:28Z",
        "lastTimestamp": "2018-04-12T00:52:32Z",
        "count": 5996,
        "type": "Warning"
      },
      {
        "metadata": {
          "name": "test015-59bf488866-5p79k.152442ca694185b8",
          "namespace": "hollysys-project01",
          "selfLink": "/api/v1/namespaces/hollysys-project01/events/test015-59bf488866-5p79k.152442ca694185b8",
          "uid": "6781612d-3d35-11e8-bdcf-005056a00b7f",
          "resourceVersion": "2155249",
          "creationTimestamp": "2018-04-11T03:07:01Z"
        },
        "involvedObject": {
          "kind": "Pod",
          "namespace": "hollysys-project01",
          "name": "test015-59bf488866-5p79k",
          "uid": "66af504b-3d35-11e8-bdcf-005056a00b7f",
          "apiVersion": "v1",
          "resourceVersion": "2018367"
        },
        "reason": "FailedSync",
        "message": "Error syncing pod",
        "source": {
          "component": "kubelet",
          "host": "node-5"
        },
        "firstTimestamp": "2018-04-11T03:06:51Z",
        "lastTimestamp": "2018-04-12T00:47:03Z",
        "count": 5840,
        "type": "Warning"
      },
      {
        "metadata": {
          "name": "test015-59bf488866-5p79k.152442cac143e370",
          "namespace": "hollysys-project01",
          "selfLink": "/api/v1/namespaces/hollysys-project01/events/test015-59bf488866-5p79k.152442cac143e370",
          "uid": "d78a637a-3de6-11e8-bdcf-005056a00b7f",
          "resourceVersion": "2155767",
          "creationTimestamp": "2018-04-12T00:17:10Z"
        },
        "involvedObject": {
          "kind": "Pod",
          "namespace": "hollysys-project01",
          "name": "test015-59bf488866-5p79k",
          "uid": "66af504b-3d35-11e8-bdcf-005056a00b7f",
          "apiVersion": "v1",
          "resourceVersion": "2018367",
          "fieldPath": "spec.containers{test015}"
        },
        "reason": "BackOff",
        "message": "Back-off pulling image \"registry.cn-beijing.aliyuncs.com/hiacloud/dfdf\"",
        "source": {
          "component": "kubelet",
          "host": "node-5"
        },
        "firstTimestamp": "2018-04-11T03:06:52Z",
        "lastTimestamp": "2018-04-12T00:52:01Z",
        "count": 5603,
        "type": "Normal"
      },
      {
        "metadata": {
          "name": "testfirst-67d64f6d59-m944b.15244e4686be510c",
          "namespace": "hollysys-project01",
          "selfLink": "/api/v1/namespaces/hollysys-project01/events/testfirst-67d64f6d59-m944b.15244e4686be510c",
          "uid": "ce455ce6-3d52-11e8-bdcf-005056a00b7f",
          "resourceVersion": "2156364",
          "creationTimestamp": "2018-04-11T06:37:29Z"
        },
        "involvedObject": {
          "kind": "Pod",
          "namespace": "hollysys-project01",
          "name": "testfirst-67d64f6d59-m944b",
          "uid": "c8a0bffb-3d52-11e8-bdcf-005056a00b7f",
          "apiVersion": "v1",
          "resourceVersion": "2040759"
        },
        "reason": "FailedSync",
        "message": "Error syncing pod",
        "source": {
          "component": "kubelet",
          "host": "node-5"
        },
        "firstTimestamp": "2018-04-11T06:37:18Z",
        "lastTimestamp": "2018-04-12T00:57:19Z",
        "count": 4816,
        "type": "Warning"
      },
      {
        "metadata": {
          "name": "test0001.15223a977f23eafb",
          "namespace": "sss-test01",
          "selfLink": "/api/v1/namespaces/sss-test01/events/test0001.15223a977f23eafb",
          "uid": "cf957500-3801-11e8-bdcf-005056a00b7f",
          "resourceVersion": "2157727",
          "creationTimestamp": "2018-04-04T12:15:06Z"
        },
        "involvedObject": {
          "kind": "PersistentVolumeClaim",
          "namespace": "sss-test01",
          "name": "test0001",
          "uid": "6e4d27ea-3708-11e8-bdcf-005056a00b7f",
          "apiVersion": "v1",
          "resourceVersion": "848496"
        },
        "reason": "ProvisioningFailed",
        "message": "storageclass.storage.k8s.io \"gluster-heketi-sss\" not found",
        "source": {
          "component": "persistentvolume-controller"
        },
        "firstTimestamp": "2018-04-04T12:14:06Z",
        "lastTimestamp": "2018-04-12T01:09:59Z",
        "count": 43434,
        "type": "Warning"
      },
      {
        "metadata": {
          "name": "test001-79656876f8-5qbcd.1523bdeeebd9952b",
          "namespace": "sss-test01",
          "selfLink": "/api/v1/namespaces/sss-test01/events/test001-79656876f8-5qbcd.1523bdeeebd9952b",
          "uid": "daf7123a-3deb-11e8-bdcf-005056a00b7f",
          "resourceVersion": "2155854",
          "creationTimestamp": "2018-04-12T00:53:03Z"
        },
        "involvedObject": {
          "kind": "Pod",
          "namespace": "sss-test01",
          "name": "test001-79656876f8-5qbcd",
          "uid": "59c1e493-3be1-11e8-bdcf-005056a00b7f",
          "apiVersion": "v1",
          "resourceVersion": "1765946",
          "fieldPath": "spec.containers{test001}"
        },
        "reason": "Pulling",
        "message": "pulling image \"qwert/mirror01\"",
        "source": {
          "component": "kubelet",
          "host": "master-3"
        },
        "firstTimestamp": "2018-04-09T10:32:12Z",
        "lastTimestamp": "2018-04-12T00:52:15Z",
        "count": 714,
        "type": "Normal"
      },
      {
        "metadata": {
          "name": "test001-79656876f8-5qbcd.1523bdf1199b0579",
          "namespace": "sss-test01",
          "selfLink": "/api/v1/namespaces/sss-test01/events/test001-79656876f8-5qbcd.1523bdf1199b0579",
          "uid": "61360bc4-3be1-11e8-bdcf-005056a00b7f",
          "resourceVersion": "2156965",
          "creationTimestamp": "2018-04-09T10:33:01Z"
        },
        "involvedObject": {
          "kind": "Pod",
          "namespace": "sss-test01",
          "name": "test001-79656876f8-5qbcd",
          "uid": "59c1e493-3be1-11e8-bdcf-005056a00b7f",
          "apiVersion": "v1",
          "resourceVersion": "1765946"
        },
        "reason": "FailedSync",
        "message": "Error syncing pod",
        "source": {
          "component": "kubelet",
          "host": "master-3"
        },
        "firstTimestamp": "2018-04-09T10:32:22Z",
        "lastTimestamp": "2018-04-12T01:02:12Z",
        "count": 16415,
        "type": "Warning"
      },
      {
        "metadata": {
          "name": "test001-79656876f8-5qbcd.1523bdf228a089d7",
          "namespace": "sss-test01",
          "selfLink": "/api/v1/namespaces/sss-test01/events/test001-79656876f8-5qbcd.1523bdf228a089d7",
          "uid": "8fa38009-3d5a-11e8-bdcf-005056a00b7f",
          "resourceVersion": "2157522",
          "creationTimestamp": "2018-04-11T07:33:00Z"
        },
        "involvedObject": {
          "kind": "Pod",
          "namespace": "sss-test01",
          "name": "test001-79656876f8-5qbcd",
          "uid": "59c1e493-3be1-11e8-bdcf-005056a00b7f",
          "apiVersion": "v1",
          "resourceVersion": "1765946",
          "fieldPath": "spec.containers{test001}"
        },
        "reason": "BackOff",
        "message": "Back-off pulling image \"qwert/mirror01\"",
        "source": {
          "component": "kubelet",
          "host": "master-3"
        },
        "firstTimestamp": "2018-04-09T10:32:26Z",
        "lastTimestamp": "2018-04-12T01:07:12Z",
        "count": 15721,
        "type": "Normal"
      },
      {
        "metadata": {
          "name": "test001-84cc68d7db-g87cq.1521d90ff0c92321",
          "namespace": "sss-test01",
          "selfLink": "/api/v1/namespaces/sss-test01/events/test001-84cc68d7db-g87cq.1521d90ff0c92321",
          "uid": "baa73bf2-3deb-11e8-bdcf-005056a00b7f",
          "resourceVersion": "2155760",
          "creationTimestamp": "2018-04-12T00:52:09Z"
        },
        "involvedObject": {
          "kind": "Pod",
          "namespace": "sss-test01",
          "name": "test001-84cc68d7db-g87cq",
          "uid": "0048ed31-3708-11e8-bdcf-005056a00b7f",
          "apiVersion": "v1",
          "resourceVersion": "848079",
          "fieldPath": "spec.containers{test001}"
        },
        "reason": "Pulling",
        "message": "pulling image \"qwert/mirror01\"",
        "source": {
          "component": "kubelet",
          "host": "node-5"
        },
        "firstTimestamp": "2018-04-03T06:26:51Z",
        "lastTimestamp": "2018-04-12T00:51:58Z",
        "count": 2394,
        "type": "Normal"
      },
      {
        "metadata": {
          "name": "test001-84cc68d7db-g87cq.1521d912fb5b17de",
          "namespace": "sss-test01",
          "selfLink": "/api/v1/namespaces/sss-test01/events/test001-84cc68d7db-g87cq.1521d912fb5b17de",
          "uid": "0942c137-3708-11e8-bdcf-005056a00b7f",
          "resourceVersion": "2157445",
          "creationTimestamp": "2018-04-03T06:27:08Z"
        },
        "involvedObject": {
          "kind": "Pod",
          "namespace": "sss-test01",
          "name": "test001-84cc68d7db-g87cq",
          "uid": "0048ed31-3708-11e8-bdcf-005056a00b7f",
          "apiVersion": "v1",
          "resourceVersion": "848079"
        },
        "reason": "FailedSync",
        "message": "Error syncing pod",
        "source": {
          "component": "kubelet",
          "host": "node-5"
        },
        "firstTimestamp": "2018-04-03T06:27:04Z",
        "lastTimestamp": "2018-04-12T01:07:03Z",
        "count": 55143,
        "type": "Warning"
      },
      {
        "metadata": {
          "name": "test002-7c4c494698-scpvr.15243c394d17029b",
          "namespace": "sss-test01",
          "selfLink": "/api/v1/namespaces/sss-test01/events/test002-7c4c494698-scpvr.15243c394d17029b",
          "uid": "2951934e-3de8-11e8-bdcf-005056a00b7f",
          "resourceVersion": "2153100",
          "creationTimestamp": "2018-04-12T00:26:36Z"
        },
        "involvedObject": {
          "kind": "Pod",
          "namespace": "sss-test01",
          "name": "test002-7c4c494698-scpvr",
          "uid": "9431eae9-3d24-11e8-bdcf-005056a00b7f",
          "apiVersion": "v1",
          "resourceVersion": "2005018",
          "fieldPath": "spec.containers{test002}"
        },
        "reason": "Pulling",
        "message": "pulling image \"qwert/mirror02\"",
        "source": {
          "component": "kubelet",
          "host": "node-4"
        },
        "firstTimestamp": "2018-04-11T01:06:30Z",
        "lastTimestamp": "2018-04-12T00:26:25Z",
        "count": 271,
        "type": "Normal"
      },
      {
        "metadata": {
          "name": "test002-7c4c494698-scpvr.15243c3b0a4e46f6",
          "namespace": "sss-test01",
          "selfLink": "/api/v1/namespaces/sss-test01/events/test002-7c4c494698-scpvr.15243c3b0a4e46f6",
          "uid": "9c4b2bd8-3d24-11e8-bdcf-005056a00b7f",
          "resourceVersion": "2157392",
          "creationTimestamp": "2018-04-11T01:06:48Z"
        },
        "involvedObject": {
          "kind": "Pod",
          "namespace": "sss-test01",
          "name": "test002-7c4c494698-scpvr",
          "uid": "9431eae9-3d24-11e8-bdcf-005056a00b7f",
          "apiVersion": "v1",
          "resourceVersion": "2005018"
        },
        "reason": "FailedSync",
        "message": "Error syncing pod",
        "source": {
          "component": "kubelet",
          "host": "node-4"
        },
        "firstTimestamp": "2018-04-11T01:06:38Z",
        "lastTimestamp": "2018-04-12T01:06:31Z",
        "count": 6325,
        "type": "Warning"
      },
      {
        "metadata": {
          "name": "test003-774f89764f-kzfcg.1521ebd94ab1437e",
          "namespace": "sss-test01",
          "selfLink": "/api/v1/namespaces/sss-test01/events/test003-774f89764f-kzfcg.1521ebd94ab1437e",
          "uid": "16d043ce-3738-11e8-bdcf-005056a00b7f",
          "resourceVersion": "2157368",
          "creationTimestamp": "2018-04-03T12:11:07Z"
        },
        "involvedObject": {
          "kind": "Pod",
          "namespace": "sss-test01",
          "name": "test003-774f89764f-kzfcg",
          "uid": "16cedabf-3738-11e8-bdcf-005056a00b7f",
          "apiVersion": "v1",
          "resourceVersion": "887113"
        },
        "reason": "FailedScheduling",
        "message": "PersistentVolumeClaim is not bound: \"test0001\" (repeated 5 times)",
        "source": {
          "component": "default-scheduler"
        },
        "firstTimestamp": "2018-04-03T12:11:07Z",
        "lastTimestamp": "2018-04-12T01:06:30Z",
        "count": 41974,
        "type": "Warning"
      }
    ]
  }
  