{
  "kind": "PodList",
  "apiVersion": "v1",
  "metadata": {
    "selfLink": "/api/v1/namespaces/public/pods",
    "resourceVersion": "2023573"
  },
  "items": [
    {
      "metadata": {
        "name": "configserver-configserver-6884b658b6-v47cq",
        "generateName": "configserver-configserver-6884b658b6-",
        "namespace": "public",
        "selfLink": "/api/v1/namespaces/public/pods/configserver-configserver-6884b658b6-v47cq",
        "uid": "9ea07591-3302-11e8-bdcf-005056a00b7f",
        "resourceVersion": "85660",
        "creationTimestamp": "2018-03-29T03:38:17Z",
        "labels": {
          "app": "configserver",
          "pod-template-hash": "2440621462",
          "release": "configserver"
        },
        "annotations": {
          "kubernetes.io/created-by": "{\"kind\":\"SerializedReference\",\"apiVersion\":\"v1\",\"reference\":{\"kind\":\"ReplicaSet\",\"namespace\":\"public\",\"name\":\"configserver-configserver-6884b658b6\",\"uid\":\"9e9b8058-3302-11e8-bdcf-005056a00b7f\",\"apiVersion\":\"extensions\",\"resourceVersion\":\"85615\"}}\n"
        },
        "ownerReferences": [
          {
            "apiVersion": "extensions/v1beta1",
            "kind": "ReplicaSet",
            "name": "configserver-configserver-6884b658b6",
            "uid": "9e9b8058-3302-11e8-bdcf-005056a00b7f",
            "controller": true,
            "blockOwnerDeletion": true
          }
        ]
      },
      "spec": {
        "volumes": [
          {
            "name": "config-volume",
            "hostPath": {
              "path": "/opt/ConfigData",
              "type": ""
            }
          },
          {
            "name": "default-token-d5d56",
            "secret": {
              "secretName": "default-token-d5d56",
              "defaultMode": 420
            }
          }
        ],
        "containers": [
          {
            "name": "configserver",
            "image": "registry.cn-beijing.aliyuncs.com/hiacloud/spring-config-server:latest",
            "ports": [
              {
                "containerPort": 8001,
                "protocol": "TCP"
              }
            ],
            "env": [
              {
                "name": "eureka.client.serviceUrl.defaultZone",
                "value": "http://eurekaserver-eurekaserver:8761/eureka/"
              }
            ],
            "resources": {},
            "volumeMounts": [
              {
                "name": "config-volume",
                "mountPath": "/usr/ConfigData"
              },
              {
                "name": "default-token-d5d56",
                "readOnly": true,
                "mountPath": "/var/run/secrets/kubernetes.io/serviceaccount"
              }
            ],
            "livenessProbe": {
              "httpGet": {
                "path": "/ms-asset-test.properties",
                "port": 8001,
                "scheme": "HTTP"
              },
              "timeoutSeconds": 1,
              "periodSeconds": 10,
              "successThreshold": 1,
              "failureThreshold": 3
            },
            "readinessProbe": {
              "httpGet": {
                "path": "/ms-asset-test.properties",
                "port": 8001,
                "scheme": "HTTP"
              },
              "timeoutSeconds": 1,
              "periodSeconds": 10,
              "successThreshold": 1,
              "failureThreshold": 3
            },
            "terminationMessagePath": "/dev/termination-log",
            "terminationMessagePolicy": "File",
            "imagePullPolicy": "Always"
          }
        ],
        "restartPolicy": "Always",
        "terminationGracePeriodSeconds": 30,
        "dnsPolicy": "ClusterFirst",
        "serviceAccountName": "default",
        "serviceAccount": "default",
        "nodeName": "master-1",
        "securityContext": {},
        "imagePullSecrets": [
          {
            "name": "registrykey-ali"
          }
        ],
        "schedulerName": "default-scheduler",
        "tolerations": [
          {
            "key": "node.alpha.kubernetes.io/notReady",
            "operator": "Exists",
            "effect": "NoExecute",
            "tolerationSeconds": 300
          },
          {
            "key": "node.alpha.kubernetes.io/unreachable",
            "operator": "Exists",
            "effect": "NoExecute",
            "tolerationSeconds": 300
          }
        ]
      },
      "status": {
        "phase": "Running",
        "conditions": [
          {
            "type": "Initialized",
            "status": "True",
            "lastProbeTime": null,
            "lastTransitionTime": "2018-03-29T03:38:17Z"
          },
          {
            "type": "Ready",
            "status": "True",
            "lastProbeTime": null,
            "lastTransitionTime": "2018-03-29T03:38:30Z"
          },
          {
            "type": "PodScheduled",
            "status": "True",
            "lastProbeTime": null,
            "lastTransitionTime": "2018-03-29T03:38:19Z"
          }
        ],
        "hostIP": "192.168.66.133",
        "podIP": "172.16.0.16",
        "startTime": "2018-03-29T03:38:17Z",
        "containerStatuses": [
          {
            "name": "configserver",
            "state": {
              "running": {
                "startedAt": "2018-03-29T03:38:19Z"
              }
            },
            "lastState": {},
            "ready": true,
            "restartCount": 0,
            "image": "registry.cn-beijing.aliyuncs.com/hiacloud/spring-config-server:latest",
            "imageID": "docker-pullable://registry.cn-beijing.aliyuncs.com/hiacloud/spring-config-server@sha256:8dfab73a4794958737d5dcb2faba41c8b24e1738592e5d9f0d502d56a15f7226",
            "containerID": "docker://4091c16cf7f9aa0cfddcdf8b2ef44973435502ce9951d940bdbf8dd828df2c4f"
          }
        ],
        "qosClass": "BestEffort"
      }
    },
    {
      "metadata": {
        "name": "webserver-webserver-76d9fd9988-fcw8m",
        "generateName": "webserver-webserver-76d9fd9988-",
        "namespace": "public",
        "selfLink": "/api/v1/namespaces/public/pods/webserver-webserver-76d9fd9988-fcw8m",
        "uid": "a167cb79-3300-11e8-bdcf-005056a00b7f",
        "resourceVersion": "84142",
        "creationTimestamp": "2018-03-29T03:24:03Z",
        "labels": {
          "app": "webserver",
          "pod-template-hash": "3285985544",
          "release": "webserver"
        },
        "annotations": {
          "kubernetes.io/created-by": "{\"kind\":\"SerializedReference\",\"apiVersion\":\"v1\",\"reference\":{\"kind\":\"ReplicaSet\",\"namespace\":\"public\",\"name\":\"webserver-webserver-76d9fd9988\",\"uid\":\"a1635380-3300-11e8-bdcf-005056a00b7f\",\"apiVersion\":\"extensions\",\"resourceVersion\":\"84105\"}}\n"
        },
        "ownerReferences": [
          {
            "apiVersion": "extensions/v1beta1",
            "kind": "ReplicaSet",
            "name": "webserver-webserver-76d9fd9988",
            "uid": "a1635380-3300-11e8-bdcf-005056a00b7f",
            "controller": true,
            "blockOwnerDeletion": true
          }
        ]
      },
      "spec": {
        "volumes": [
          {
            "name": "config-volume",
            "hostPath": {
              "path": "/opt/ConfigData/gremlin-server",
              "type": ""
            }
          },
          {
            "name": "default-token-d5d56",
            "secret": {
              "secretName": "default-token-d5d56",
              "defaultMode": 420
            }
          }
        ],
        "containers": [
          {
            "name": "webserver",
            "image": "nginx:stable",
            "ports": [
              {
                "containerPort": 80,
                "protocol": "TCP"
              }
            ],
            "resources": {},
            "volumeMounts": [
              {
                "name": "config-volume",
                "mountPath": "/usr/share/nginx/html/gremlin-server"
              },
              {
                "name": "default-token-d5d56",
                "readOnly": true,
                "mountPath": "/var/run/secrets/kubernetes.io/serviceaccount"
              }
            ],
            "livenessProbe": {
              "httpGet": {
                "path": "/",
                "port": 80,
                "scheme": "HTTP"
              },
              "timeoutSeconds": 1,
              "periodSeconds": 10,
              "successThreshold": 1,
              "failureThreshold": 3
            },
            "readinessProbe": {
              "httpGet": {
                "path": "/",
                "port": 80,
                "scheme": "HTTP"
              },
              "timeoutSeconds": 1,
              "periodSeconds": 10,
              "successThreshold": 1,
              "failureThreshold": 3
            },
            "terminationMessagePath": "/dev/termination-log",
            "terminationMessagePolicy": "File",
            "imagePullPolicy": "IfNotPresent"
          }
        ],
        "restartPolicy": "Always",
        "terminationGracePeriodSeconds": 30,
        "dnsPolicy": "ClusterFirst",
        "serviceAccountName": "default",
        "serviceAccount": "default",
        "nodeName": "master-1",
        "securityContext": {},
        "schedulerName": "default-scheduler",
        "tolerations": [
          {
            "key": "node.alpha.kubernetes.io/notReady",
            "operator": "Exists",
            "effect": "NoExecute",
            "tolerationSeconds": 300
          },
          {
            "key": "node.alpha.kubernetes.io/unreachable",
            "operator": "Exists",
            "effect": "NoExecute",
            "tolerationSeconds": 300
          }
        ]
      },
      "status": {
        "phase": "Running",
        "conditions": [
          {
            "type": "Initialized",
            "status": "True",
            "lastProbeTime": null,
            "lastTransitionTime": "2018-03-29T03:24:03Z"
          },
          {
            "type": "Ready",
            "status": "True",
            "lastProbeTime": null,
            "lastTransitionTime": "2018-03-29T03:24:14Z"
          },
          {
            "type": "PodScheduled",
            "status": "True",
            "lastProbeTime": null,
            "lastTransitionTime": "2018-03-29T03:24:04Z"
          }
        ],
        "hostIP": "192.168.66.133",
        "podIP": "172.16.0.15",
        "startTime": "2018-03-29T03:24:03Z",
        "containerStatuses": [
          {
            "name": "webserver",
            "state": {
              "running": {
                "startedAt": "2018-03-29T03:24:04Z"
              }
            },
            "lastState": {},
            "ready": true,
            "restartCount": 0,
            "image": "192.168.66.136/tenant1/repo1/nginx:stable",
            "imageID": "docker-pullable://nginx@sha256:813be5ee155f914d063e8ed39878267995d31d7046a9010001f0a9e8192412a5",
            "containerID": "docker://d9f3c32c1c8c5c17610d198b888df13bc7f5a521057cd56d13ff0bc4bf007351"
          }
        ],
        "qosClass": "BestEffort"
      }
    }
  ]
}
