{
    "success": true,
    "msg": null,
    "error": null,
    "errno": null,
    "obj": null,
    "menuSet": [{
            "id": "4",
            "name": "租户控制台菜单",
            "path": "/12",
            "ename": null,
            "appType": null,
            "routeState": null,
            "parentId": "0",
            "parentName": null,
            "icon": null,
            "isshow": "1",
            "orderNo": 2,
            "permValue": null,
            "level": null,
            "isLeaf": null,
            "description": null,
            "createTime": null,
            "creator": null,
            "updateTime": null,
            "updator": null,
            "flag": true,
            "children": [{
                    "id": "5",
                    "name": "资源管理",
                    "path": "/12",
                    "ename": null,
                    "appType": null,
                    "routeState": null,
                    "parentId": "4",
                    "parentName": null,
                    "icon": null,
                    "isshow": "1",
                    "orderNo": 1,
                    "permValue": null,
                    "level": null,
                    "isLeaf": null,
                    "description": null,
                    "createTime": null,
                    "creator": null,
                    "updateTime": null,
                    "updator": null,
                    "flag": true,
                    "children": [{
                            "id": "6",
                            "name": "节点管理",
                            "path": "/12",
                            "ename": null,
                            "appType": null,
                            "routeState": null,
                            "parentId": "5",
                            "parentName": null,
                            "icon": null,
                            "isshow": "1",
                            "orderNo": 1,
                            "permValue": null,
                            "level": null,
                            "isLeaf": null,
                            "description": null,
                            "createTime": null,
                            "creator": null,
                            "updateTime": null,
                            "updator": null,
                            "flag": true,
                            "children": []
                        },
                        {
                            "id": "7",
                            "name": "镜像管理",
                            "path": "/12",
                            "ename": null,
                            "appType": null,
                            "routeState": null,
                            "parentId": "5",
                            "parentName": null,
                            "icon": null,
                            "isshow": "1",
                            "orderNo": 2,
                            "permValue": null,
                            "level": null,
                            "isLeaf": null,
                            "description": null,
                            "createTime": null,
                            "creator": null,
                            "updateTime": null,
                            "updator": null,
                            "flag": true,
                            "children": []
                        }
                    ]
                },
                {
                    "id": "8",
                    "name": "项目管理",
                    "path": "/12",
                    "ename": null,
                    "appType": null,
                    "routeState": null,
                    "parentId": "4",
                    "parentName": null,
                    "icon": null,
                    "isshow": "1",
                    "orderNo": 2,
                    "permValue": null,
                    "level": null,
                    "isLeaf": null,
                    "description": null,
                    "createTime": null,
                    "creator": null,
                    "updateTime": null,
                    "updator": null,
                    "flag": true,
                    "children": [{
                        "id": "9",
                        "name": "项目管理",
                        "path": "/12",
                        "ename": null,
                        "appType": null,
                        "routeState": null,
                        "parentId": "8",
                        "parentName": null,
                        "icon": null,
                        "isshow": "1",
                        "orderNo": 1,
                        "permValue": "",
                        "level": null,
                        "isLeaf": null,
                        "description": null,
                        "createTime": null,
                        "creator": null,
                        "updateTime": null,
                        "updator": null,
                        "flag": true,
                        "children": []
                    }]
                },
                {
                    "id": "10",
                    "name": "用户管理",
                    "path": "/12",
                    "ename": null,
                    "appType": null,
                    "routeState": null,
                    "parentId": "4",
                    "parentName": null,
                    "icon": null,
                    "isshow": "1",
                    "orderNo": 3,
                    "permValue": null,
                    "level": null,
                    "isLeaf": null,
                    "description": null,
                    "createTime": null,
                    "creator": null,
                    "updateTime": null,
                    "updator": null,
                    "flag": true,
                    "children": [{
                            "id": "11",
                            "name": "角色及权限管理",
                            "path": "/12",
                            "ename": null,
                            "appType": null,
                            "routeState": null,
                            "parentId": "10",
                            "parentName": null,
                            "icon": null,
                            "isshow": "1",
                            "orderNo": 1,
                            "permValue": null,
                            "level": null,
                            "isLeaf": null,
                            "description": null,
                            "createTime": null,
                            "creator": null,
                            "updateTime": null,
                            "updator": null,
                            "flag": true,
                            "children": []
                        },
                        {
                            "id": "12",
                            "name": "用户管理",
                            "path": "/12",
                            "ename": null,
                            "appType": null,
                            "routeState": null,
                            "parentId": "10",
                            "parentName": null,
                            "icon": null,
                            "isshow": "1",
                            "orderNo": 2,
                            "permValue": null,
                            "level": null,
                            "isLeaf": null,
                            "description": null,
                            "createTime": null,
                            "creator": null,
                            "updateTime": null,
                            "updator": null,
                            "flag": true,
                            "children": []
                        }
                    ]
                }
            ]
        }

    ],
    "user": {
        "code": "151791803998100001",
        "name": null,
        "loginname": "sina",
        "password": "5ea74a661c2839cf9d0fb527b9759a2947e784b4aaafcecc62f1f2e8",
        "newPassword": null,
        "address": null,
        "province": null,
        "city": null,
        "sex": null,
        "birthday": null,
        "mobile": null,
        "introduction": null,
        "email": null,
        "graphicurl": null,
        "regtime": null,
        "regsource": "2",
        "regip": "0.0.0.0",
        "regaddress": null,
        "status": "1",
        "delstatus": "0",
        "logintime": null,
        "updateuser": null,
        "updatetime": 1517946839000,
        "creator": null,
        "createtime": 1517946839000,
        "token": null,
        "provinceName": null,
        "cityName": null,
        "tokenexptime": null,
        "hobby": null
    }
}