{
    "success": true,
    "msg": null,
    "error": null,
    "errno": null,
    "obj": null,
    "menuSet": [{
        "id": "13",
        "name": "用户控制台菜单",
        "ename": null,
        "appType": null,
        "routeState": null,
        "parentId": "0",
        "parentName": null,
        "icon": null,
        "isshow": "1",
        "orderNo": 3,
        "permValue": null,
        "level": null,
        "isLeaf": null,
        "description": null,
        "createTime": null,
        "creator": null,
        "updateTime": null,
        "updator": null,
        "flag": true,
        "children": [{
                "id": "14",
                "name": "应用管理",
                "ename": null,
                "appType": null,
                "routeState": null,
                "parentId": "13",
                "parentName": null,
                "icon": null,
                "isshow": "1",
                "orderNo": 1,
                "permValue": null,
                "level": null,
                "isLeaf": null,
                "description": null,
                "createTime": null,
                "creator": null,
                "updateTime": null,
                "updator": null,
                "flag": true,
                "children": []
            },
            {
                "id": "15",
                "name": "服务管理",
                "ename": null,
                "appType": null,
                "routeState": null,
                "parentId": "13",
                "parentName": null,
                "icon": null,
                "isshow": "1",
                "orderNo": 2,
                "permValue": null,
                "level": null,
                "isLeaf": null,
                "description": null,
                "createTime": null,
                "creator": null,
                "updateTime": null,
                "updator": null,
                "flag": true,
                "children": []
            },
            {
                "id": "16",
                "name": "存储管理",
                "ename": null,
                "appType": null,
                "routeState": null,
                "parentId": "13",
                "parentName": null,
                "icon": null,
                "isshow": "1",
                "orderNo": 3,
                "permValue": null,
                "level": null,
                "isLeaf": null,
                "description": null,
                "createTime": null,
                "creator": null,
                "updateTime": null,
                "updator": null,
                "flag": true,
                "children": []
            },
            {
                "id": "17",
                "name": "配置管理",
                "ename": null,
                "appType": null,
                "routeState": null,
                "parentId": "13",
                "parentName": null,
                "icon": null,
                "isshow": "1",
                "orderNo": 4,
                "permValue": null,
                "level": null,
                "isLeaf": null,
                "description": null,
                "createTime": null,
                "creator": null,
                "updateTime": null,
                "updator": null,
                "flag": true,
                "children": []
            },
            {
                "id": "18",
                "name": "密文管理",
                "ename": null,
                "appType": null,
                "routeState": null,
                "parentId": "13",
                "parentName": null,
                "icon": null,
                "isshow": "1",
                "orderNo": 5,
                "permValue": null,
                "level": null,
                "isLeaf": null,
                "description": null,
                "createTime": null,
                "creator": null,
                "updateTime": null,
                "updator": null,
                "flag": true,
                "children": []
            }
        ]
    }],
    "user": {
        "code": "151791803998100001",
        "name": null,
        "loginname": "sina",
        "password": "5ea74a661c2839cf9d0fb527b9759a2947e784b4aaafcecc62f1f2e8",
        "newPassword": null,
        "address": null,
        "province": null,
        "city": null,
        "sex": null,
        "birthday": null,
        "mobile": null,
        "introduction": null,
        "email": null,
        "graphicurl": null,
        "regtime": null,
        "regsource": "2",
        "regip": "0.0.0.0",
        "regaddress": null,
        "status": "1",
        "delstatus": "0",
        "logintime": null,
        "updateuser": null,
        "updatetime": 1517946839000,
        "creator": null,
        "createtime": 1517946839000,
        "token": null,
        "provinceName": null,
        "cityName": null,
        "tokenexptime": null,
        "hobby": null
    }
}